0.66821,-1.3318,-2.3318,10.668,-1.3318
-1.3315,-4.3315,-1.3315,-3.3315,-2.3315
-4.3313,-0.33129,-0.33129,2.6687,-4.3313
-0.33105,2.669,7.669,-5.331,-2.331
-1.3308,4.6692,1.6692,0.66919,-1.3308
0.66943,6.6694,5.6694,6.6694,1.6694
-2.3303,1.6697,-0.33034,-1.3303,-3.3303
7.6699,6.6699,0.66989,4.6699,-2.3301
-3.3299,-0.32988,11.67,-0.32988,-2.3299
-0.32965,-0.32965,-1.3297,4.6703,3.6703
-1.3294,1.6706,10.671,2.6706,-1.3294
-3.3292,-3.3292,1.6708,6.6708,-0.32921
-3.329,9.671,-0.32899,0.67101,1.671
0.67122,3.6712,1.6712,-2.3288,-1.3288
0.67143,1.6714,1.6714,-2.3286,0.67143
-3.3284,3.6716,-1.3284,6.6716,5.6716
-1.3282,3.6718,-1.3282,-1.3282,0.67185
-0.32795,1.672,0.67205,0.67205,0.67205
-3.3278,4.6722,-0.32775,6.6722,1.6722
-2.3276,-0.32755,-3.3276,0.67245,1.6724
-1.3274,-2.3274,-1.3274,7.6726,1.6726
-0.32717,-0.32717,0.67283,-1.3272,-3.3272
11.673,-2.327,0.67302,-1.327,1.673
1.6732,-4.3268,-0.32679,-3.3268,0.67321
1.6734,1.6734,-0.32661,10.673,2.6734
-0.32643,-1.3264,-1.3264,-3.3264,-2.3264
-4.3263,-1.3263,0.67375,-1.3263,0.67375
-0.32608,-3.3261,-2.3261,10.674,-4.3261
-3.3259,-2.3259,-1.3259,3.6741,4.6741
-2.3257,-3.3257,0.67427,-1.3257,8.6743
-0.32556,-3.3256,0.67444,1.6744,-1.3256
-4.3254,-0.3254,0.6746,-1.3254,0.6746
2.6748,-3.3252,-1.3252,-2.3252,-1.3252
8.6749,-2.3251,-0.32508,-1.3251,-0.32508
-2.3249,2.6751,-1.3249,-0.32492,-2.3249
4.6752,-1.3248,-1.3248,1.6752,-1.3248
0.67538,-1.3246,8.6754,-0.32462,3.6754
-1.3245,-0.32447,-4.3245,-2.3245,-0.32447
-3.3243,-2.3243,-0.32432,-2.3243,-0.32432
-2.3242,-1.3242,0.67582,1.6758,-1.3242
-0.32404,6.676,0.67596,-0.32404,7.676
-0.3239,-2.3239,-1.3239,0.6761,-4.3239
0.67624,4.6762,-0.32376,-0.32376,-1.3238
-1.3236,-1.3236,0.67637,3.6764,0.67637
-0.3235,1.6765,-3.3235,2.6765,0.6765
1.6766,-3.3234,-0.32337,-0.32337,3.6766
4.6768,-2.3232,0.67675,-1.3232,-0.32325
2.6769,-0.32312,-2.3231,3.6769,2.6769
7.677,-2.323,-1.323,11.677,-0.323
9.6771,2.6771,4.6771,-1.3229,-0.32288
-2.3228,0.67723,-2.3228,-0.32277,-0.32277
-4.3227,0.67735,-0.32265,-0.32265,-1.3227
-1.3225,-2.3225,11.677,4.6775,0.67746
-2.3224,-2.3224,-2.3224,-0.32244,-0.32244
-0.32233,-1.3223,1.6777,0.67767,-0.32233
-1.3222,-2.3222,-0.32223,16.678,-0.32223
7.6779,2.6779,13.678,0.67787,-1.3221
11.678,-0.32203,2.678,-1.322,-0.32203
-0.32193,-0.32193,-1.3219,-0.32193,-1.3219
-0.32184,0.67816,2.6782,-2.3218,1.6782
2.6783,1.6783,12.678,7.6783,1.6783
-2.3217,0.67834,2.6783,-0.32166,-1.3217
-3.3216,-2.3216,0.67843,-0.32157,5.6784
-1.3215,-5.3215,-2.3215,-1.3215,15.679
-2.3214,-1.3214,-2.3214,-0.32141,2.6786
-3.3213,-5.3213,-1.3213,-0.32133,-3.3213
-1.3213,5.6787,5.6787,1.6787,-4.3213
-3.3212,-4.3212,2.6788,3.6788,6.6788
3.6789,-0.32111,0.67889,1.6789,4.6789
2.679,-4.321,-3.321,-2.321,1.679
2.679,-0.32097,-3.321,13.679,-0.32097
1.6791,-0.32091,-0.32091,-2.3209,-2.3209
-3.3208,11.679,2.6792,-0.32084,-1.3208
10.679,1.6792,-1.3208,-1.3208,-0.32078
0.67927,5.6793,4.6793,0.67927,13.679
-1.3207,5.6793,-0.32067,-1.3207,-3.3207
-0.32062,2.6794,-2.3206,18.679,3.6794
-2.3206,-0.32057,-3.3206,-1.3206,-3.3206
-0.32052,-1.3205,7.6795,-2.3205,27.679
0.67953,6.6795,-3.3205,0.67953,-1.3205
2.6796,0.67957,-0.32043,-2.3204,-2.3204
-2.3204,3.6796,11.68,-2.3204,3.6796
0.67966,4.6797,-0.32034,8.6797,2.6797
12.68,0.67969,7.6797,-2.3203,7.6797
4.6797,-1.3203,2.6797,-0.32027,1.6797
0.67976,3.6798,3.6798,2.6798,1.6798
1.6798,-3.3202,-2.3202,-2.3202,-1.3202
-0.32018,7.6798,-3.3202,-0.32018,-0.32018
0.67985,-0.32015,2.6798,-1.3202,2.6798
-2.3201,-0.32013,-2.3201,10.68,-0.32013
-2.3201,-1.3201,-2.3201,2.6799,-2.3201
-5.3201,-1.3201,-3.3201,-0.32008,-2.3201
-2.3201,-0.32007,-4.3201,9.6799,2.6799
1.6799,-1.3201,3.6799,-0.32005,10.68
-1.32,-1.32,-0.32004,-0.32004,0.67996
0.67997,0.67997,4.68,1.68,-2.32
4.68,-3.32,-1.32,3.68,-2.32
-2.32,-0.32001,4.68,0.67999,-1.32
-2.32,2.68,0.68,2.68,-1.32
2.68,0.68,7.68,2.68,2.68
-2.32,0.68,2.68,6.68,-2.32
-1.32,1.68,4.68,9.68,-0.32
1.68,4.68,2.68,2.68,1.68
9.68,-0.32001,-1.32,10.68,0.67999
4.68,7.68,-0.32002,0.67998,-1.32
-0.32003,0.67997,4.68,0.67997,-2.32
-2.32,5.68,7.68,-1.32,0.67996
0.67995,0.67995,1.6799,-0.32005,-0.32005
-3.3201,3.6799,-2.3201,-0.32007,-0.32007
-1.3201,-1.3201,-0.32008,2.6799,-1.3201
21.68,9.6799,-1.3201,3.6799,-1.3201
-1.3201,-0.32012,-3.3201,6.6799,-0.32012
5.6799,4.6799,-5.3201,8.6799,0.67985
-0.32017,-1.3202,-1.3202,2.6798,-2.3202
3.6798,-0.3202,5.6798,0.6798,-2.3202
5.6798,-4.3202,2.6798,-2.3202,-1.3202
-2.3203,0.67974,1.6797,3.6797,-2.3203
-3.3203,0.67971,3.6797,7.6797,-0.32029
0.67967,-1.3203,-0.32033,-1.3203,6.6797
-2.3204,0.67964,-0.32036,0.67964,-0.32036
-0.3204,0.6796,-1.3204,0.6796,9.6796
-4.3204,-3.3204,4.6796,4.6796,3.6796
-2.3205,3.6795,-2.3205,2.6795,-1.3205
-3.3205,1.6795,-1.3205,-0.32053,3.6795
0.67942,2.6794,1.6794,4.6794,-0.32058
5.6794,3.6794,-0.32063,2.6794,-4.3206
-3.3207,-0.32068,4.6793,1.6793,-3.3207
-4.3207,4.6793,-4.3207,-2.3207,-3.3207
-1.3208,9.6792,1.6792,2.6792,0.67922
-1.3208,1.6792,3.6792,4.6792,3.6792
-1.3209,2.6791,-4.3209,6.6791,3.6791
17.679,-1.321,-1.321,-3.321,-0.32095
-0.32101,7.679,-1.321,8.679,-2.321
-1.3211,4.6789,-0.32108,-0.32108,-1.3211
-2.3211,-1.3211,0.67886,-0.32114,1.6789
1.6788,-2.3212,-3.3212,-3.3212,1.6788
3.6787,1.6787,2.6787,-3.3213,3.6787
8.6787,4.6787,-1.3213,-4.3213,3.6787
7.6786,3.6786,-0.32142,-4.3214,-3.3214
4.6785,-2.3215,-0.32149,-0.32149,-1.3215
-0.32157,1.6784,7.6784,-0.32157,-0.32157
-0.32164,0.67836,-3.3216,1.6784,-4.3216
-3.3217,1.6783,-0.32172,13.678,-1.3217
-0.3218,2.6782,1.6782,-0.3218,-1.3218
-0.32188,4.6781,-0.32188,-1.3219,0.67812
-2.322,5.678,2.678,-4.322,0.67803
1.6779,1.6779,-2.3221,0.67795,12.678
-4.3221,-1.3221,4.6779,4.6779,3.6779
3.6778,0.67777,0.67777,3.6778,3.6778
-0.32232,10.678,-2.3223,-1.3223,-2.3223
4.6776,-2.3224,-0.32241,-1.3224,0.67759
0.6775,0.6775,9.6775,0.6775,-3.3225
1.6774,-4.3226,-0.3226,8.6774,-2.3226
-1.3227,-1.3227,13.677,-4.3227,3.6773
-0.3228,-0.3228,-0.3228,-0.3228,-2.3228
5.6771,-3.3229,1.6771,-3.3229,-1.3229
-0.323,-1.323,17.677,0.677,-3.323
-0.3231,-2.3231,6.6769,-2.3231,4.6769
1.6768,-1.3232,-1.3232,-0.32321,-4.3232
-0.32331,10.677,-3.3233,-1.3233,-0.32331
-3.3234,1.6766,-0.32342,3.6766,1.6766
-1.3235,7.6765,1.6765,8.6765,-3.3235
-0.32364,-3.3236,-0.32364,3.6764,-2.3236
-1.3238,2.6762,-3.3238,0.67625,-4.3238
-5.3239,-2.3239,5.6761,1.6761,-4.3239
-3.324,-2.324,2.676,1.676,-0.32398
-3.3241,-0.3241,0.6759,-3.3241,5.6759
-3.3242,2.6758,-0.32422,3.6758,2.6758
-0.32434,1.6757,1.6757,-2.3243,-2.3243
-4.3245,-4.3245,17.676,-0.32446,-0.32446
-0.32459,-0.32459,1.6754,-1.3246,1.6754
-0.32471,3.6753,3.6753,0.67529,0.67529
0.67516,0.67516,-3.3248,-1.3248,-0.32484
-1.325,-0.32496,2.675,-1.325,-1.325
2.6749,3.6749,-4.3251,-0.32509,-0.32509
0.67478,7.6748,-2.3252,-0.32522,-1.3252
-0.32536,-1.3254,2.6746,-2.3254,-3.3254
10.675,2.6745,-1.3255,-3.3255,0.67451
-1.3256,0.67438,0.67438,-3.3256,0.67438
2.6742,2.6742,1.6742,0.67424,-2.3258
-0.3259,-4.3259,-1.3259,0.6741,-0.3259
-1.326,-1.326,-2.326,-2.326,-3.326
0.67382,-0.32618,0.67382,1.6738,-1.3262
-3.3263,0.67368,-0.32632,-0.32632,-0.32632
-2.3265,5.6735,-0.32646,0.67354,-2.3265
17.673,0.67339,-0.32661,0.67339,-1.3266
0.67325,1.6732,-2.3268,-0.32675,1.6732
0.6731,0.6731,-3.3269,1.6731,-0.3269
-2.327,-3.327,19.673,-0.32705,-3.327
-0.3272,-4.3272,3.6728,-0.3272,-0.3272
3.6727,-1.3273,-1.3273,5.6727,0.67265
-0.3275,2.6725,1.6725,0.6725,5.6725
15.672,8.6723,3.6723,-4.3277,14.672
-1.3278,-2.3278,-2.3278,-2.3278,0.67219
2.672,8.672,-1.328,-0.32797,0.67203
-3.3281,6.6719,5.6719,10.672,3.6719
0.67172,-4.3283,8.6717,3.6717,3.6717
3.6716,-1.3284,3.6716,15.672,-2.3284
3.6714,1.6714,9.6714,-2.3286,-1.3286
0.67124,7.6712,-0.32876,-2.3288,1.6712
0.67107,1.6711,2.6711,-3.3289,-0.32893
-2.3291,0.67091,-0.32909,2.6709,-0.32909
0.67074,-0.32926,0.67074,1.6707,3.6707
5.6706,1.6706,1.6706,-1.3294,1.6706
-1.3296,2.6704,4.6704,-2.3296,1.6704
0.67023,0.67023,5.6702,-2.3298,-1.3298
1.6701,-0.32994,-0.32994,2.6701,0.67006
-0.33011,1.6699,-1.3301,0.66989,3.6699
-3.3303,-1.3303,-2.3303,-1.3303,3.6697
-1.3305,4.6695,3.6695,19.67,0.66954
4.6694,-0.33063,-1.3306,5.6694,-0.33063
5.6692,-4.3308,1.6692,8.6692,0.66919
-2.331,-2.331,-2.331,-1.331,-0.33098
-2.3312,0.66884,-1.3312,4.6688,-6.3312
-1.3313,3.6687,8.6687,-3.3313,-2.3313
-2.3315,-0.33152,-0.33152,-2.3315,-1.3315
-1.3317,1.6683,6.6683,-5.3317,-2.3317
5.6681,4.6681,8.6681,1.6681,2.6681
-1.3321,1.6679,-3.3321,-1.3321,3.6679
-0.33226,-2.3323,-1.3323,7.6677,-2.3323
9.6676,0.66755,-4.3324,0.66755,2.6676
2.6674,-0.33263,-2.3326,-2.3326,18.667
-1.3328,6.6672,-2.3328,4.6672,0.66718
-0.33301,0.66699,-1.333,-0.33301,-0.33301
-2.3332,-1.3332,-2.3332,1.6668,-4.3332
-2.3334,5.6666,4.6666,-2.3334,0.66661
4.6664,2.6664,-2.3336,-2.3336,1.6664
13.666,6.6662,-1.3338,3.6662,-0.33378
-2.334,-1.334,-2.334,0.66603,-2.334
-1.3342,2.6658,-0.33417,0.66583,0.66583
-4.3344,7.6656,1.6656,-1.3344,2.6656
-0.33456,-1.3346,0.66544,10.665,8.6654
1.6652,-2.3348,-2.3348,-2.3348,0.66524
-3.335,-0.33496,0.66504,1.665,-1.335
-2.3352,-4.3352,-1.3352,3.6648,0.66484
-1.3354,6.6646,1.6646,-1.3354,-0.33536
1.6644,-2.3356,-3.3356,0.66444,0.66444
3.6642,5.6642,6.6642,2.6642,-1.3358
-3.336,-4.336,-1.336,8.664,0.66403
3.6638,-1.3362,10.664,11.664,2.6638
1.6636,4.6636,-0.33638,-1.3364,2.6636
-0.33659,-1.3366,-3.3366,11.663,0.66341
-5.3368,-1.3368,-2.3368,-1.3368,4.6632
-2.337,0.663,-2.337,-3.337,3.663
0.66279,9.6628,-3.3372,-0.33721,-2.3372
6.6626,-1.3374,8.6626,-3.3374,0.66258
0.66237,-2.3376,2.6624,1.6624,2.6624
2.6622,-1.3378,14.662,-1.3378,-1.3378
-2.3381,-2.3381,-2.3381,5.6619,4.6619
2.6617,7.6617,2.6617,7.6617,-0.33827
2.6615,-1.3385,-2.3385,3.6615,-3.3385
11.661,7.6613,-0.3387,7.6613,-0.3387
-2.3389,4.6611,-6.3389,-1.3389,-1.3389
-4.3391,1.6609,3.6609,-4.3391,-1.3391
4.6607,-2.3393,-2.3393,-3.3393,-0.33935
3.6604,-0.33956,-5.3396,-0.33956,-2.3396
-2.3398,-1.3398,-2.3398,-1.3398,0.66022
-2.34,2.66,-2.34,1.66,5.66
-3.3402,2.6598,-1.3402,-0.34022,4.6598
1.6596,1.6596,-1.3404,-0.34044,-3.3404
-3.3407,2.6593,-0.34066,-1.3407,-0.34066
2.6591,1.6591,-1.3409,-1.3409,0.65912
-4.3411,14.659,1.6589,-1.3411,-1.3411
-2.3413,2.6587,3.6587,-2.3413,-2.3413
1.6584,-0.34156,-4.3416,-1.3416,1.6584
7.6582,3.6582,-0.34178,0.65822,-0.34178
8.658,0.65799,-3.342,4.658,-0.34201
-2.3422,-0.34223,6.6578,-1.3422,-0.34223
-0.34246,-2.3425,-0.34246,3.6575,0.65754
0.65731,-1.3427,-2.3427,-0.34269,5.6573
-3.3429,9.6571,-0.34291,2.6571,-1.3429
-2.3431,4.6569,-3.3431,0.65686,-3.3431
2.6566,-1.3434,-1.3434,-4.3434,-1.3434
2.6564,1.6564,-1.3436,-2.3436,-0.3436
-0.34383,-1.3438,-0.34383,0.65617,5.6562
3.6559,0.65594,1.6559,-3.3441,-1.3441
-2.3443,1.6557,-2.3443,-3.3443,-1.3443
-5.3445,-3.3445,2.6555,1.6555,3.6555
-2.3448,-1.3448,8.6552,-3.3448,-4.3448
1.655,-0.34499,7.655,-4.345,-2.345
-1.3452,0.65477,9.6548,-2.3452,0.65477
-3.3455,-0.34546,-1.3455,-3.3455,8.6545
-2.3457,3.6543,18.654,-0.34569,-2.3457
0.65407,-1.3459,-0.34593,-2.3459,-1.3459
1.6538,5.6538,-4.3462,-4.3462,-2.3462
2.6536,-0.3464,-0.3464,-3.3464,1.6536
-0.34664,-1.3466,-2.3466,-1.3466,4.6534
3.6531,-1.3469,0.65312,-4.3469,5.6531
-0.34711,2.6529,-3.3471,-0.34711,1.6529
-3.3474,2.6526,-0.34735,0.65265,-2.3474
0.65241,-0.34759,-2.3476,-4.3476,1.6524
7.6522,-2.3478,-3.3478,-1.3478,-3.3478
-3.3481,2.6519,-2.3481,-1.3481,-0.34807
-4.3483,5.6517,-2.3483,-3.3483,-1.3483
-2.3485,7.6515,5.6515,3.6515,2.6515
-2.3488,-2.3488,-1.3488,5.6512,1.6512
2.651,-1.349,0.65097,-3.349,-1.349
-0.34927,7.6507,6.6507,-2.3493,0.65073
-3.3495,4.6505,-1.3495,-2.3495,2.6505
-0.34976,-3.3498,-4.3498,-0.34976,-1.3498
-2.35,4.65,0.65,5.65,9.65
11.65,1.6498,-2.3502,-0.35024,3.6498
0.64951,0.64951,-1.3505,-2.3505,4.6495
4.6493,-0.35074,1.6493,-2.3507,-0.35074
1.649,-0.35099,-1.351,-3.351,-0.35099
3.6488,-2.3512,-1.3512,-0.35124,-2.3512
-1.3515,3.6485,6.6485,-0.3515,-1.3515
-4.3518,-2.3518,2.6482,3.6482,15.648
-1.352,-4.352,-2.352,10.648,-2.352
-1.3523,1.6477,0.64772,4.6477,-0.35228
0.64745,1.6475,1.6475,-1.3525,8.6475
1.6472,-0.35282,-0.35282,7.6472,-0.35282
19.647,4.6469,0.64691,0.64691,-1.3531
4.6466,-4.3534,1.6466,-4.3534,-2.3534
-1.3536,-2.3536,-0.35364,-2.3536,-2.3536
-3.3539,-0.35392,-4.3539,-1.3539,-5.3539
4.6458,-2.3542,-3.3542,-1.3542,-5.3542
4.6455,0.64551,-3.3545,0.64551,3.6455
0.64523,-0.35477,-2.3548,-0.35477,2.6452
0.64494,1.6449,4.6449,-1.3551,-2.3551
-2.3554,1.6446,6.6446,1.6446,3.6446
0.64435,7.6443,10.644,0.64435,0.64435
-0.35595,3.644,-1.356,-0.35595,-0.35595
20.644,-1.3563,0.64375,-1.3563,-0.35625
2.6434,-0.35656,-0.35656,-0.35656,-1.3566
1.6431,-4.3569,0.64314,-0.35686,-3.3569
1.6428,-4.3572,-1.3572,-0.35717,4.6428
2.6425,8.6425,-0.35749,-0.35749,-0.35749
-3.3578,-0.3578,-0.3578,3.6422,2.6422
-2.3581,-3.3581,1.6419,-2.3581,-2.3581
1.6416,7.6416,-4.3584,-3.3584,1.6416
-4.3588,22.641,-1.3588,-0.35877,3.6412
0.6409,-2.3591,-1.3591,-2.3591,7.6409
0.64057,-0.35943,-1.3594,-0.35943,-0.35943
-0.35976,7.6402,-2.3598,-0.35976,2.6402
-0.3601,-4.3601,13.64,3.6399,-1.3601
-1.3604,-3.3604,0.63956,5.6396,-2.3604
-0.36079,-4.3608,6.6392,-1.3608,-2.3608
-1.3611,0.63887,0.63887,-4.3611,2.6389
-0.36149,4.6385,-3.3615,-0.36149,0.63851
0.63816,-3.3618,4.6382,6.6382,-1.3618
0.6378,1.6378,-3.3622,0.6378,0.6378
-0.36256,1.6374,-0.36256,-1.3626,3.6374
1.6371,3.6371,2.6371,-0.36292,-0.36292
0.63671,-2.3633,-1.3633,0.63671,-3.3633
-1.3637,-1.3637,4.6363,0.63634,-0.36366
-2.364,4.636,-0.36403,11.636,2.636
1.6356,-2.3644,-0.36441,2.6356,-2.3644
-0.36479,-0.36479,-1.3648,-1.3648,-3.3648
3.6348,2.6348,-3.3652,0.63482,-4.3652
9.6344,-0.36556,-1.3656,2.6344,0.63444
0.63404,-1.366,6.634,2.634,-1.366
1.6336,-2.3664,2.6336,-0.36635,1.6336
0.63325,-0.36675,-1.3667,0.63325,-0.36675
1.6328,4.6328,-2.3672,-1.3672,-1.3672
0.63244,-1.3676,0.63244,0.63244,-0.36756
0.63203,29.632,-2.368,0.63203,-0.36797
-2.3684,-1.3684,-0.36838,0.63162,3.6316
14.631,-1.3688,-4.3688,0.6312,3.6312
2.6308,0.63078,-1.3692,0.63078,0.63078
-4.3696,0.63036,-3.3696,-0.36964,0.63036
8.6299,1.6299,-3.3701,3.6299,0.62993
-0.3705,3.6295,2.6295,1.6295,-3.3705
7.6291,-3.3709,-2.3709,4.6291,-1.3709
-1.3714,3.6286,1.6286,-2.3714,6.6286
0.62818,-4.3718,-3.3718,-2.3718,2.6282
6.6277,-2.3723,5.6277,1.6277,2.6277
-0.37272,-1.3727,-1.3727,4.6273,15.627
-4.3732,-0.37318,0.62682,-1.3732,3.6268
-3.3736,-2.3736,0.62636,-2.3736,0.62636
-0.3741,-1.3741,4.6259,0.6259,6.6259
1.6254,0.62543,4.6254,0.62543,-1.3746
1.625,-1.375,1.625,11.625,-4.375
5.6245,10.624,-2.3755,15.624,1.6245
3.624,4.624,1.624,1.624,9.624
3.6235,0.62352,-0.37648,1.6235,-2.3765
2.623,0.62303,-3.377,2.623,3.623
-1.3775,-1.3775,3.6225,-1.3775,-1.3775
-3.378,1.622,-3.378,0.62204,-1.378
0.62154,2.6215,-0.37846,-1.3785,-3.3785
-2.379,-0.37896,0.62104,-0.37896,1.621
-2.3795,0.62053,4.6205,7.6205,-2.3795
-1.38,4.62,-2.38,-0.37998,1.62
-0.3805,2.6195,-3.3805,2.6195,-0.3805
2.619,-2.381,-0.38102,1.619,-0.38102
-2.3815,4.6185,-1.3815,10.618,0.61845
-1.3821,-0.38208,3.6179,2.6179,0.61792
0.61738,3.6174,7.6174,-2.3826,-3.3826
1.6168,-2.3832,3.6168,-1.3832,-0.38316
1.6163,-1.3837,-0.3837,1.6163,-1.3837
6.6158,-1.3842,-2.3842,1.6158,-1.3842
0.6152,0.6152,1.6152,-3.3848,-2.3848
9.6146,-0.38536,-2.3854,2.6146,0.61464
-2.3859,-2.3859,-2.3859,1.6141,-0.38592
0.61351,2.6135,-0.38649,-0.38649,1.6135
-0.38706,-0.38706,-1.3871,14.613,6.6129
1.6124,0.61236,-4.3876,2.6124,4.6124
1.6118,3.6118,-1.3882,13.612,-1.3882
10.611,7.6112,2.6112,3.6112,-0.3888
-2.3894,-0.38939,0.61061,-0.38939,5.6106
8.61,-3.39,2.61,-0.38999,-1.39
6.6094,-0.39059,-2.3906,-3.3906,5.6094
3.6088,2.6088,8.6088,-2.3912,1.6088
-0.3918,-0.3918,0.6082,-1.3918,-4.3918
-1.3924,-1.3924,12.608,-2.3924,3.6076
-0.39303,4.607,5.607,1.607,11.607
2.6063,-3.3937,2.6063,0.60634,2.6063
-4.3943,-2.3943,-1.3943,0.60572,-1.3943
-3.3949,-2.3949,-2.3949,-3.3949,-3.3949
2.6044,1.6044,-1.3956,4.6044,-0.39556
0.6038,-2.3962,3.6038,-2.3962,5.6038
0.60315,6.6032,-3.3968,3.6032,4.6032
6.6025,-1.3975,-1.3975,-3.3975,-0.3975
-2.3982,0.60184,4.6018,1.6018,0.60184
-3.3988,3.6012,-0.39882,-3.3988,2.6012
2.6005,-3.3995,6.6005,3.6005,0.60051
3.5998,2.5998,3.5998,-3.4002,-0.40017
-0.40084,1.5992,-2.4008,-2.4008,7.5992
2.5985,-0.40153,-2.4015,-2.4015,10.598
-4.4022,0.59778,1.5978,-4.4022,-0.40222
5.5971,2.5971,-4.4029,0.59709,2.5971
-0.40361,-0.40361,-0.40361,16.596,7.5964
-2.4043,-1.4043,-1.4043,1.5957,-0.40432
1.595,0.59497,1.595,-4.405,-0.40503
-2.4057,6.5943,4.5943,-0.40574,-3.4057
-0.40646,7.5935,1.5935,12.594,-4.4065
-1.4072,2.5928,1.5928,0.59281,-1.4072
-1.4079,-0.40792,-1.4079,3.5921,2.5921
-0.40866,-0.40866,1.5913,1.5913,-2.4087
1.5906,-0.4094,0.5906,3.5906,1.5906
-2.4101,-1.4101,0.58985,1.5899,11.59
-1.4109,-1.4109,1.5891,-1.4109,10.589
7.5883,6.5883,0.58834,-0.41166,2.5883
3.5876,0.58757,0.58757,-1.4124,-7.4124
-3.4132,-1.4132,2.5868,0.5868,-3.4132
-1.414,-2.414,-1.414,-1.414,1.586
14.585,-0.41475,-2.4148,-1.4148,-5.4148
1.5845,-4.4155,-0.41554,-3.4155,0.58446
-3.4163,-2.4163,-1.4163,-1.4163,-0.41633
4.5829,1.5829,-4.4171,2.5829,-1.4171
2.5821,22.582,-2.4179,-1.4179,9.5821
-0.41874,8.5813,6.5813,-4.4187,15.581
-0.41956,-0.41956,5.5804,2.5804,-2.4196
-1.4204,0.57962,-2.4204,-0.42038,3.5796
-0.42121,3.5788,0.57879,6.5788,-0.42121
-0.42204,-1.422,-2.422,-4.422,3.578
1.5771,-1.4229,-1.4229,-2.4229,-0.42288
8.5763,3.5763,-3.4237,3.5763,-0.42372
-2.4246,3.5754,-1.4246,-1.4246,9.5754
-1.4254,-0.42543,1.5746,-2.4254,-7.4254
-1.4263,4.5737,6.5737,5.5737,-1.4263
-0.42716,4.5728,-5.4272,3.5728,-0.42716
0.57197,-1.428,-0.42803,-1.428,-1.428
0.57109,-3.4289,-2.4289,-2.4289,0.57109
8.5702,2.5702,-0.4298,-0.4298,-2.4298
8.5693,-2.4307,-3.4307,7.5693,-3.4307
0.56841,8.5684,-1.4316,3.5684,-2.4316
0.56751,-0.43249,1.5675,0.56751,1.5675
-1.4334,6.5666,1.5666,0.5666,3.5666
5.5657,-1.4343,2.5657,-2.4343,3.5657
3.5648,4.5648,1.5648,1.5648,-3.4352
9.5638,4.5638,-1.4362,-1.4362,-3.4362
0.56289,-0.43711,4.5629,-2.4371,-0.43711
7.562,4.562,5.562,0.56195,3.562
-1.439,-2.439,0.561,3.561,-1.439
-2.44,1.56,0.56005,-0.43995,15.56
-1.4409,5.5591,6.5591,-1.4409,-3.4409
-3.4419,20.558,-1.4419,-1.4419,1.5581
1.5571,1.5571,2.5571,4.5571,24.557
0.55617,2.5562,-2.4438,-0.44383,3.5562
4.5552,-2.4448,-0.44482,-1.4448,0.55518
-1.4458,-0.44581,-1.4458,-1.4458,-2.4458
-2.4468,-2.4468,-0.44681,-0.44681,-0.44681
1.5522,-2.4478,-1.4478,-0.44781,-3.4478
14.551,-5.4488,4.5512,-1.4488,6.5512
1.5502,-3.4498,-2.4498,-1.4498,-4.4498
-2.4509,-0.45087,-2.4509,-1.4509,4.5491
-0.4519,-5.4519,0.5481,-0.4519,-1.4519
1.5471,-2.4529,3.5471,-1.4529,-0.45294
-0.45398,11.546,-2.454,-0.45398,-3.454
-1.455,-1.455,-2.455,-3.455,4.545
2.5439,4.5439,2.5439,0.54391,13.544
-1.4572,-2.4572,-1.4572,10.543,-0.45716
0.54177,-3.4582,0.54177,0.54177,2.5418
3.5407,-0.45931,-3.4593,-0.45931,0.54069
3.5396,-4.4604,-1.4604,2.5396,-0.46039
-3.4615,-2.4615,-3.4615,-0.46148,3.5385
-0.46258,-2.4626,0.53742,1.5374,-2.4626
-1.4637,0.53631,-1.4637,2.5363,-0.46369
-3.4648,-1.4648,3.5352,-2.4648,5.5352
3.5341,-2.4659,-4.4659,-2.4659,-0.46592
-0.46705,-0.46705,2.533,-2.467,4.533
-2.4682,4.5318,-0.46818,4.5318,-0.46818
0.53068,-3.4693,-4.4693,-4.4693,0.53068
-1.4705,-5.4705,-3.4705,-4.4705,4.5295
-5.4716,-1.4716,1.5284,3.5284,2.5284
2.5272,1.5272,-1.4728,2.5272,-1.4728
1.526,-1.474,-1.474,22.526,-4.474
-3.4751,0.52487,0.52487,-1.4751,0.52487
6.5237,2.5237,3.5237,-5.4763,-2.4763
-1.4775,-1.4775,15.523,-2.4775,1.5225
4.5212,-1.4788,0.52118,-4.4788,2.5212
-5.4804,-1.4804,3.5196,0.5196,-0.4804
-2.4822,2.5178,3.5178,-0.48222,-3.4822
-0.48429,3.5157,0.51571,-0.48429,-2.4843
-2.4866,11.513,-2.4866,-0.48661,0.51339
-4.4892,0.51083,-2.4892,-1.4892,-2.4892
-2.492,-1.492,3.508,8.508,6.508
6.505,-1.495,8.505,-1.495,-1.495
10.502,0.50171,3.5017,-0.49829,-2.4983
-2.5018,4.4982,-5.5018,2.4982,0.49821
-0.50553,-1.5055,-4.5055,-1.5055,11.494
8.4905,-2.5095,4.4905,-2.5095,-1.5095
21.486,-2.5137,4.4863,-0.51368,-2.5137
-0.51809,5.4819,-1.5181,-2.5181,7.4819
-2.5227,-0.52271,-3.5227,-1.5227,1.4773
4.4724,4.4724,5.4724,5.4724,-0.52756
3.4674,-2.5326,-4.5326,-2.5326,-0.53262
-3.5379,-0.53789,-2.5379,-0.53789,-1.5379
0.45663,-2.5434,-1.5434,-0.54337,-3.5434
-0.54905,6.4509,-4.5491,-3.5491,1.4509
-0.55494,0.44506,-4.5549,-3.5549,-1.5549
10.439,-0.56103,-0.56103,7.439,0.43897
0.43268,3.4327,3.4327,-2.5673,-2.5673
7.4262,-0.5738,-0.5738,0.4262,-3.5738
-1.5805,1.4195,-1.5805,-1.5805,0.41952
2.4127,-0.58735,3.4127,-0.58735,-1.5873
-0.5944,-2.5944,2.4056,2.4056,-4.5944
-3.6016,-0.60164,-2.6016,1.3984,-3.6016
3.3909,-2.6091,6.3909,-0.60906,-1.6091
-0.61667,0.38333,13.383,0.38333,-0.61667
4.3756,-0.62445,5.3756,-2.6244,-0.62445
-2.6324,-0.6324,-0.6324,7.3676,-0.6324
3.3595,-4.6405,3.3595,2.3595,7.3595
0.35118,-0.64882,-1.6488,-2.6488,6.3512
1.3427,3.3427,4.3427,0.34271,8.3427
4.3341,-3.6659,0.33409,0.33409,4.3341
-2.6747,1.3253,4.3253,-0.6747,-2.6747
-3.6836,1.3164,-1.6836,6.3164,-0.68365
-0.69275,-0.69275,11.307,0.30725,-1.6928
8.298,-1.702,0.29799,-1.702,-1.702
2.2886,3.2886,2.2886,-1.7114,4.2886
6.279,4.279,3.279,-3.721,-0.72098
6.2693,-2.7307,12.269,-0.73068,1.2693
4.2595,1.2595,-2.7405,3.2595,-1.7405
0.24948,-6.7505,-1.7505,10.249,-0.75052
7.2394,-0.76064,13.239,0.23936,-0.76064
1.2291,-1.7709,-0.7709,-1.7709,2.2291
-1.7813,1.2187,-0.7813,-0.7813,-4.7813
-3.7918,9.2082,4.2082,-1.7918,-1.7918
-2.8025,3.1975,-1.8025,3.1975,-1.8025
4.1868,-1.8132,-1.8132,18.187,-0.81325
-4.8241,-3.8241,-4.8241,-1.8241,-2.8241
-2.8352,1.1648,-0.83516,-0.83516,4.1648
0.1537,12.154,0.1537,-2.8463,0.1537
6.1424,2.1424,-3.8576,-4.8576,3.1424
0.13109,-2.8689,6.1311,-1.8689,12.131
-0.88038,-3.8804,3.1196,-0.88038,5.1196
-0.89196,-2.892,-0.89196,4.108,2.108
-1.9036,5.0964,-0.90364,1.0964,-2.9036
-0.91543,11.085,2.0846,-3.9154,-2.9154
-2.9273,-0.92731,2.0727,3.0727,-1.9273
9.0607,-2.9393,-0.93929,1.0607,2.0607
-2.9514,1.0486,-3.9514,3.0486,0.048642
2.0365,7.0365,-0.96352,-1.9635,3.0365
-4.9758,11.024,-4.9758,-1.9758,-1.9758
-3.9881,7.0119,-2.9881,4.0119,9.0119
-0.00052784,-2.0005,-1.0005,-1.0005,-1.0005
-3.013,0.98697,-4.013,0.98697,-1.013
3.9744,-2.0256,-0.025606,-0.025606,-0.025606
-5.0383,-1.0383,-5.0383,-2.0383,2.9617
-2.051,-0.050985,0.94902,-0.050985,-3.051
-4.0638,0.93622,-3.0638,-1.0638,-3.0638
1.9234,0.92336,0.92336,5.9234,-3.0766
-1.0896,0.91043,0.91043,-5.0896,-2.0896
-2.1026,-3.1026,0.89744,-4.1026,-2.1026
2.8844,-1.1156,0.88439,-3.1156,-2.1156
-1.1287,0.87128,-2.1287,2.8713,3.8713
6.8581,0.85812,10.858,-3.1419,-1.1419
-3.1551,-1.1551,-3.1551,-3.1551,2.8449
10.832,14.832,-2.1684,-3.1684,2.8316
-3.1817,-1.1817,-3.1817,0.81834,-2.1817
5.805,-4.195,-2.195,-1.195,0.80499
-2.2084,1.7916,-2.2084,2.7916,-3.2084
0.77817,3.7782,-0.22183,17.778,-3.2218
-0.2353,1.7647,-1.2353,-4.2353,4.7647
-1.2488,1.7512,7.7512,-1.2488,-2.2488
-1.2623,2.7377,-1.2623,-2.2623,1.7377
0.72411,1.7241,-4.2759,-2.2759,-2.2759
10.711,-1.2895,-1.2895,-0.28947,-3.2895
-3.3031,-0.30308,-1.3031,-4.3031,-0.30308
1.6833,0.68329,-2.3167,-3.3167,-0.31671
-2.3304,-2.3304,-3.3304,-4.3304,-1.3304
-5.344,-2.344,-3.344,-0.34401,2.656
-1.3577,2.6423,-1.3577,-3.3577,1.6423
2.6286,8.6286,12.629,-5.3714,-1.3714
-1.3851,-4.3851,0.61494,-6.3851,-4.3851
-3.3988,-0.39875,-1.3988,-1.3988,3.6012
2.5876,-0.41245,11.588,-3.4124,0.58755
11.574,0.57386,-0.42614,-0.42614,-0.42614
16.56,5.5602,-2.4398,-4.4398,10.56
-0.45352,1.5465,-3.4535,1.5465,-6.4535
-0.4672,2.5328,1.5328,8.5328,5.5328
7.5191,8.5191,-3.4809,-4.4809,-2.4809
6.5055,-0.49452,-2.4945,-2.4945,9.5055
-2.5082,-5.5082,2.4918,-1.5082,13.492
-3.5218,-2.5218,1.4782,3.4782,10.478
-3.5354,7.4646,-1.5354,-0.53536,2.4646
-3.5489,6.4511,0.45107,-2.5489,4.4511
-0.56248,2.4375,3.4375,0.43752,11.438
3.424,1.424,3.424,2.424,3.424
-1.5895,17.411,0.41053,30.411,-2.5895
-1.6029,2.3971,-1.6029,16.397,4.3971
8.3837,11.384,20.384,6.3837,11.384
5.3703,5.3703,27.37,10.37,12.37
53.357,15.357,21.357,16.357,25.357
48.344,28.344,25.344,25.344,33.344
59.33,12.33,23.33,36.33,26.33
12.317,20.317,17.317,2.3173,9.3173
3.3041,1.3041,6.3041,8.3041,-2.6959
0.29107,5.2911,4.2911,9.2911,15.291
1.278,-4.722,3.278,1.278,5.278
7.2651,-2.7349,2.2651,-1.7349,-0.73491
-3.7478,1.2522,7.2522,11.252,5.2522
2.2394,10.239,4.2394,16.239,-3.7606
9.2266,-3.7734,9.2266,17.227,-1.7734
-0.78607,-2.7861,2.2139,3.2139,12.214
0.20132,4.2013,-0.79868,0.20132,-1.7987
-3.8112,1.1888,-0.81121,2.1888,-1.8112
-5.8237,-0.82367,5.1763,2.1763,-1.8237
3.164,3.164,-1.836,1.164,1.164
-0.84833,4.1517,-4.8483,-2.8483,5.1517
-2.8605,1.1395,-4.8605,-6.8605,6.1395
1.1274,-0.87264,-2.8726,2.1274,1.1274
7.1153,-1.8847,5.1153,9.1153,-3.8847
-4.8966,2.1034,1.1034,-2.8966,-1.8966
0.091583,-2.9084,-2.9084,0.091583,-1.9084
7.0799,0.079856,-1.9201,7.0799,-1.9201
-0.93177,1.0682,12.068,0.068232,-0.93177
-3.9433,7.0567,-2.9433,2.0567,15.057
2.0453,0.045303,2.0453,-1.9547,1.0453
-2.966,2.034,-0.966,5.034,11.034
-3.9772,-1.9772,-3.9772,-1.9772,3.0228
1.0117,7.0117,1.0117,-0.98825,9.0117
-3.9992,-3.9992,-0.99921,-2.9992,-2.9992
6.99,5.99,-6.01,-1.01,2.99
1.9793,9.9793,-3.0207,1.9793,6.9793
2.9687,-3.0313,1.9687,-3.0313,-2.0313
-2.0418,-2.0418,-0.041776,2.9582,5.9582
-4.0521,-4.0521,12.948,3.9479,6.9479
18.938,5.9377,2.9377,13.938,14.938
3.9277,-5.0723,-0.072331,-1.0723,-3.0723
17.918,2.9178,14.918,1.9178,0.91776
4.908,4.908,1.908,6.908,4.908
-3.1016,0.89837,-0.10163,2.8984,-2.1016
1.8889,-6.1111,-2.1111,-0.1111,0.8889
3.8796,0.87957,-5.1204,7.8796,3.8796
-1.1296,-1.1296,-2.1296,3.8704,5.8704
-3.1386,-2.1386,5.8614,9.8614,12.861
3.8525,15.853,0.85252,-4.1475,1.8525
-3.1562,1.8438,-3.1562,2.8438,-0.15618
-3.1647,6.8353,4.8353,-2.1647,-2.1647
-1.1731,-0.17308,0.82692,1.8269,17.827
-4.1813,3.8187,21.819,-4.1813,2.8187
0.81068,-0.18932,-1.1893,8.8107,-0.18932
-1.1972,1.8028,-3.1972,2.8028,6.8028
-2.2049,-5.2049,-0.20486,-4.2049,-4.2049
19.788,3.7876,7.7876,3.7876,7.7876
21.78,-1.2197,-4.2197,-2.2197,-1.2197
9.7732,0.77318,-1.2268,16.773,-2.2268
-0.23377,-1.2338,11.766,-0.23377,0.76623
7.7595,-0.24053,0.75947,15.759,-3.2405
-1.2471,1.7529,-2.2471,1.7529,9.7529
3.7465,32.747,-0.25347,-3.2535,10.747
4.7404,-4.2596,-2.2596,-2.2596,-0.25965
-2.2656,-1.2656,-3.2656,10.734,10.734
-3.2714,-5.2714,-2.2714,-3.2714,-0.2714
5.723,1.723,-4.277,-4.277,19.723
14.718,1.7177,13.718,-1.2823,8.7177
-4.2875,0.71251,9.7125,-2.2875,3.7125
-0.29243,-1.2924,-1.2924,-2.2924,-2.2924
-2.2972,0.70285,-2.2972,-0.29715,8.7028
-3.3017,-2.3017,-3.3017,-4.3017,11.698
0.69406,16.694,-4.3059,-3.3059,-0.30594
1.69,-0.31001,-0.31001,-6.31,6.69
-3.3138,2.6862,3.6862,0.68616,-3.3138
-2.3175,3.6825,1.6825,4.6825,7.6825
6.6792,3.6792,-4.3208,-4.3208,-4.3208
3.676,-2.324,1.676,-2.324,-1.324
-1.3269,-3.3269,-3.3269,-4.3269,6.6731
2.6705,-2.3295,-2.3295,0.67045,4.6705
-1.332,11.668,0.66803,5.668,6.668
2.6658,0.66585,11.666,0.66585,1.6658
-1.3361,14.664,10.664,2.6639,12.664
19.662,16.662,10.662,14.662,8.6622
10.661,12.661,19.661,33.661,15.661
8.6596,16.66,40.66,18.66,23.66
16.659,1.6587,7.6587,35.659,8.6587
29.658,16.658,23.658,28.658,38.658
75.658,47.658,74.658,41.658,27.658
102.66,65.658,87.658,86.658,81.658
113.66,115.66,85.658,81.658,74.658
36.658,68.658,50.658,69.658,93.658
35.659,22.659,56.659,39.659,45.659
7.6597,17.66,15.66,20.66,11.66
1.6609,9.6609,-2.3391,4.6609,-0.3391
14.662,3.6624,2.6624,13.662,14.662
10.664,13.664,30.664,1.6641,7.6641
-0.33389,2.6661,3.6661,8.6661,31.666
14.668,3.6684,2.6684,3.6684,18.668
12.671,2.6709,-1.3291,3.6709,-4.3291
2.6736,3.6736,-5.3264,0.67361,-3.3264
4.6766,9.6766,1.6766,8.6766,1.6766
11.68,8.6798,-2.3202,-1.3202,-3.3202
-1.3167,17.683,2.6833,-4.3167,5.6833
5.6871,20.687,-4.3129,2.6871,3.6871
1.691,-1.309,2.691,15.691,-1.309
-4.3048,14.695,16.695,0.69519,9.6952
17.7,2.6996,5.6996,-1.3004,4.6996
3.7043,14.704,6.7043,3.7043,5.7043
0.70913,9.7091,-3.2909,0.70913,-4.2909
0.71422,2.7142,1.7142,2.7142,8.7142
-2.2805,0.71953,1.7195,5.7195,3.7195
9.7251,3.7251,10.725,-1.2749,-3.2749
2.7308,5.7308,26.731,3.7308,-0.2692
1.7368,4.7368,19.737,0.73676,0.73676
-5.2571,-3.2571,25.743,9.7429,3.7429
5.7493,12.749,3.7493,-3.2507,-3.2507
2.7559,2.7559,2.7559,6.7559,-4.2441
13.763,12.763,11.763,5.7626,-3.2374
13.77,2.7696,-4.2304,-4.2304,0.76959
3.7768,2.7768,0.77676,3.7768,8.7768
4.7841,20.784,3.7841,-0.21589,2.7841
11.792,4.7917,25.792,12.792,0.79166
6.7994,4.7994,6.7994,1.7994,2.7994
-1.1927,1.8073,29.807,2.8073,17.807
-0.1846,1.8154,5.8154,11.815,0.8154
3.8237,19.824,5.8237,-0.17633,1.8237
6.8321,14.832,11.832,-0.16788,3.8321
7.8407,2.8407,17.841,-4.1593,-2.1593
4.8495,20.85,12.85,-5.1505,1.8495
7.8585,-3.1415,-2.1415,0.8585,4.8585
0.86763,1.8676,-3.1324,5.8676,4.8676
7.8769,4.8769,16.877,6.8769,-2.1231
-1.1136,7.8864,6.8864,-1.1136,-0.11364
16.896,0.89597,-3.104,5.896,3.896
8.9057,2.9057,-1.0943,0.90573,2.9057
9.9156,-0.084363,0.91564,-0.084363,3.9156
1.9257,10.926,14.926,12.926,-1.0743
-2.0641,5.9359,1.9359,1.9359,-3.0641
25.946,-1.0538,1.9462,-6.0538,6.9462
6.9567,4.9567,0.95674,-2.0433,7.9567
0.96736,-5.0326,4.9674,17.967,5.9674
5.9781,0.97812,15.978,8.9781,4.9781
0.98902,16.989,13.989,0.98902,1.989
4,2,6,4.207e-05,8
-0.98881,5.0112,8.0112,-2.9888,5.0112
-3.9775,18.022,-2.9775,-0.97753,14.022
1.0339,6.0339,-0.96614,14.034,5.0339
-0.95462,-0.95462,-2.9546,0.045378,1.0454
4.057,3.057,-3.943,5.057,-2.943
0.068753,7.0688,2.0688,-0.93125,-5.9312
2.0806,11.081,6.0806,0.080607,-4.9194
-1.9074,-0.90743,-2.9074,-0.90743,4.0926
10.105,-1.8954,2.1046,2.1046,0.10464
5.1168,-1.8832,13.117,2.1168,-5.8832
-5.8709,-0.87092,7.1291,3.1291,-0.87092
-4.8586,-4.8586,-1.8586,-0.85855,-0.85855
4.1539,-0.84609,19.154,-0.84609,29.154
-1.8335,-0.83354,5.1665,0.16646,-0.83354
9.1791,-1.8209,4.1791,-2.8209,7.1791
-3.8082,-2.8082,-1.8082,-0.80817,6.1918
5.2046,3.2046,8.2046,3.2046,19.205
-4.7825,2.2175,2.2175,4.2175,7.2175
5.2305,-2.7695,5.2305,4.2305,5.2305
-0.75645,18.244,4.2436,1.2436,1.2436
-3.7433,0.25667,-3.7433,16.257,0.25667
-1.7301,-2.7301,-0.73014,11.27,2.2699
2.2831,-1.7169,-0.71688,2.2831,-4.7169
-0.70356,2.2964,0.29644,-2.7036,-0.70356
15.31,-4.6902,-1.6902,1.3098,4.3098
0.32326,18.323,-1.6767,-1.6767,0.32326
-2.6632,-1.6632,0.33676,2.3368,0.33676
3.3503,-3.6497,-2.6497,-0.64969,-0.64969
-1.6361,2.3639,9.3639,-4.6361,8.3639
0.37756,-1.6224,-2.6224,-4.6224,0.37756
1.3913,-1.6087,-3.6087,11.391,1.3913
-3.595,0.40499,-4.595,4.405,1.405
-2.5812,3.4188,-2.5812,-5.5812,-1.5812
3.4326,-2.5674,5.4326,0.43259,1.4326
-2.5536,0.44644,6.4464,-2.5536,-4.5536
-0.53968,5.4603,-4.5397,-4.5397,-4.5397
-1.5258,-2.5258,-1.5258,-1.5258,1.4742
3.4882,9.4882,-1.5118,1.4882,12.488
3.5021,5.5021,-1.4979,-2.4979,-4.4979
7.5161,-0.48389,5.5161,-3.4839,-2.4839
14.53,4.5301,3.5301,-0.46989,-0.46989
-2.4559,5.5441,2.5441,1.5441,-2.4559
-0.44184,-2.4418,3.5582,-2.4418,-0.44184
-0.4278,1.5722,-3.4278,-2.4278,11.572
2.5862,3.5862,-1.4138,-0.41375,-3.4138
1.6003,14.6,-2.3997,2.6003,1.6003
-0.38565,-0.38565,-5.3856,3.6144,-1.3856
0.62841,-1.3716,2.6284,-2.3716,-4.3716
-0.35754,-1.3575,8.6425,-2.3575,2.6425
-2.3435,2.6565,-5.3435,0.6565,0.6565
0.67053,-1.3295,-1.3295,5.6705,-0.32947
9.6846,2.6846,-2.3154,-3.3154,-0.31544
-0.30143,-0.30143,-1.3014,-0.30143,3.6986
6.7126,-0.28744,-1.2874,-0.28744,9.7126
0.72653,3.7265,-1.2735,-5.2735,9.7265
3.7405,-3.2595,9.7405,14.74,-0.25952
-3.2456,-1.2456,0.75441,-2.2456,-0.24559
-4.2317,11.768,-0.2317,3.7683,-2.2317
-2.2178,0.78217,-0.21783,2.7822,-2.2178
-1.204,0.796,10.796,3.796,7.796
-1.1902,-3.1902,-1.1902,4.8098,0.8098
6.8236,0.82356,4.8236,0.82356,-4.1764
5.8373,5.8373,0.83728,-0.16272,5.8373
1.851,3.851,-3.149,-0.14905,-3.149
7.8646,-3.1354,6.8646,-1.1354,0.86458
4.8782,-2.1218,-3.1218,-2.1218,2.8782
-2.1083,-0.10832,-3.1083,-5.1083,1.8917
10.905,2.9051,-0.094853,-1.0949,-1.0949
1.9186,-0.081441,-2.0814,1.9186,12.919
-3.0681,5.9319,-2.0681,0.93191,-0.06809
1.9452,1.9452,-4.0548,-0.054801,-0.054801
2.9584,3.9584,-5.0416,4.9584,-1.0416
-2.0284,-1.0284,-2.0284,-1.0284,2.9716
-2.0153,-0.015342,-0.015342,-0.015342,4.9847
1.9977,3.9977,2.9977,3.9977,1.9977
11.011,7.0106,2.0106,9.0106,4.0106
-0.97655,-1.9765,-3.9765,-3.9765,7.0235
9.0362,12.036,1.0362,1.0362,0.036221
7.0489,1.0489,11.049,5.0489,-3.9511
0.061505,1.0615,-3.9385,-0.9385,-2.9385
0.074012,2.074,5.074,6.074,-1.926
2.0864,-3.9136,1.0864,2.0864,7.0864
-2.9013,1.0987,-3.9013,-3.9013,-2.9013
-2.889,0.11097,-4.889,-0.88903,0.11097
-4.8769,13.123,-0.87691,3.1231,-0.87691
-0.8649,-0.8649,4.1351,-2.8649,-2.8649
0.14701,0.14701,-0.85299,-0.85299,-4.853
-0.84119,-0.84119,-0.84119,-0.84119,-1.8412
3.1705,4.1705,-3.8295,0.1705,3.1705
-1.8179,1.1821,-1.8179,3.1821,-1.8179
-2.8065,1.1935,-1.8065,-4.8065,-1.8065
-0.79514,3.2049,-0.79514,-2.7951,-1.7951
-3.7839,-0.78392,7.2161,-3.7839,-0.78392
-2.7728,-1.7728,-2.7728,10.227,1.2272
4.2381,2.2381,-2.7619,0.23812,0.23812
-1.7511,-0.75105,0.24895,-0.75105,1.2489
-0.74036,-1.7404,8.2596,-2.7404,2.2596
-2.7298,-1.7298,10.27,6.2702,-0.7298
1.2806,-3.7194,7.2806,17.281,3.2806
3.2909,0.2909,1.2909,0.2909,4.2909
-0.69897,2.301,25.301,0.30103,-3.699
-1.689,8.311,0.31101,-2.689,5.311
-1.6792,-0.67915,2.3208,-0.67915,-1.6792
5.3305,-3.6695,-2.6695,-1.6695,-2.6695
3.3401,-2.6599,-2.6599,-1.6599,-2.6599
5.3494,0.34943,-1.6506,-0.65057,4.3494
2.3586,-0.64137,0.35863,-3.6414,16.359
-5.6323,4.3677,4.3677,1.3677,4.3677
-1.6234,5.3766,0.37655,-0.62345,-2.6234
-1.6147,-1.6147,11.385,9.3853,3.3853
6.3938,-2.6062,-1.6062,-1.6062,8.3938
-3.5978,-1.5978,-1.5978,1.4022,3.4022
-1.5897,3.4103,0.41035,-2.5897,-0.58965
0.41835,-4.5816,8.4184,-3.5816,1.4184
-2.5738,2.4262,-1.5738,3.4262,3.4262
-3.5662,1.4338,-1.5662,-0.56618,-0.56618
8.4413,0.44126,1.4413,5.4413,2.4413
-1.5515,2.4485,3.4485,2.4485,11.449
-1.5444,-3.5444,16.456,2.4556,-4.5444
7.4625,-0.53754,0.46246,-2.5375,-1.5375
1.4691,2.4691,-3.5309,-1.5309,-0.53087
1.4756,3.4756,-0.5244,-3.5244,-3.5244
-4.5181,-2.5181,-1.5181,-1.5181,-2.5181
1.4879,0.48792,-0.51208,1.4879,-2.5121
7.4938,-0.50623,-0.50623,-1.5062,-2.5062
5.4994,-1.5006,-2.5006,-2.5006,-1.5006
-3.4952,1.5048,4.5048,-3.4952,-0.49518
-1.49,4.51,-0.48997,3.51,-1.49
1.515,3.515,-0.48499,3.515,-1.485
-0.48023,0.51977,1.5198,-3.4802,0.51977
3.5243,4.5243,-2.4757,0.5243,-0.4757
-6.4714,-1.4714,0.5286,2.5286,2.5286
-0.46733,-0.46733,-3.4673,5.5327,3.5327
6.5365,4.5365,-2.4635,-4.4635,-1.4635
-1.4599,0.54011,7.5401,-3.4599,-5.4599
-2.4565,-3.4565,-2.4565,-2.4565,-2.4565
-1.4534,-1.4534,2.5466,3.5466,0.54659
-1.4505,6.5495,0.54947,-3.4505,-0.45053
-1.4479,7.5521,6.5521,-3.4479,-2.4479
-0.44553,-0.44553,8.5545,0.55447,-3.4455
6.5566,-0.44341,1.5566,0.55659,-2.4434
8.5585,-2.4415,4.5585,-5.4415,-2.4415
7.5601,-0.43993,0.56007,-3.4399,4.5601
1.5614,3.5614,-0.43858,-2.4386,3.5614
-4.4375,1.5625,1.5625,1.5625,-1.4375
-0.43655,-3.4366,1.5634,-3.4366,-1.4366
-1.4356,-1.4356,7.5644,1.5644,-4.4356
-3.4347,-0.43467,-1.4347,6.5653,4.5653
-2.4337,3.5663,-1.4337,8.5663,5.5663
-0.4328,-2.4328,2.5672,0.5672,9.5672
0.56813,4.5681,-2.4319,20.568,3.5681
-1.4309,3.5691,-2.4309,24.569,1.5691
-1.43,4.57,-3.43,-2.43,4.57
-2.4291,-3.4291,-2.4291,-3.4291,-0.42911
-1.4282,-0.4282,4.5718,11.572,0.5718
1.5727,3.5727,-5.4273,6.5727,-3.4273
0.57361,2.5736,-1.4264,-4.4264,0.57361
-4.4255,-0.42549,-0.42549,-2.4255,-1.4255
-3.4246,11.575,0.57541,-0.42459,0.57541
-3.4237,-4.4237,-0.4237,-1.4237,-3.4237
-1.4228,1.5772,-1.4228,-4.4228,2.5772
2.5781,2.5781,0.57807,-3.4219,-2.4219
5.5789,-0.42105,-0.42105,-0.42105,6.5789
-1.4202,17.58,-1.4202,-0.42018,-1.4202
1.5807,10.581,-1.4193,-2.4193,-0.41931
10.582,-0.41844,0.58156,-2.4184,3.5816
-0.41758,7.5824,9.5824,-1.4176,-3.4176
-1.4167,-5.4167,1.5833,0.58328,-0.41672
-3.4159,-2.4159,-3.4159,2.5841,-1.4159
0.58498,-2.415,-0.41502,4.585,-0.41502
1.5858,-3.4142,3.5858,0.58583,-3.4142
-0.41333,1.5867,-1.4133,-1.4133,-2.4133
-1.4125,-1.4125,-0.41249,-2.4125,1.5875
-2.4117,-2.4117,2.5883,-2.4117,7.5883
-2.4108,-1.4108,0.58917,-2.4108,-0.41083
-1.41,-1.41,-1.41,0.58999,1.59
0.59081,-0.40919,-1.4092,-3.4092,-0.40919
-3.4084,3.5916,0.59163,0.59163,1.5916
2.5924,-3.4076,2.5924,-2.4076,-2.4076
-1.4068,-4.4068,4.5932,4.5932,-2.4068
-3.4059,-2.4059,-0.40595,10.594,-4.4059
-2.4051,20.595,16.595,11.595,-1.4051
-2.4044,-1.4044,-0.40435,13.596,-1.4044
-0.40356,-4.4036,2.5964,-1.4036,-4.4036
0.59722,-0.40278,-6.4028,-3.4028,-2.4028
-3.402,-0.40199,-0.40199,-6.402,8.598
-4.4012,-4.4012,1.5988,-1.4012,4.5988
-0.40044,2.5996,3.5996,-0.40044,-1.4004
0.60032,-0.39968,7.6003,-1.3997,7.6003
8.6011,1.6011,1.6011,-2.3989,4.6011
-1.3982,-2.3982,1.6018,-5.3982,1.6018
0.60261,-2.3974,-3.3974,3.6026,-4.3974
1.6034,4.6034,11.603,-0.39664,-0.39664
-2.3959,-1.3959,6.6041,0.6041,-2.3959
1.6048,5.6048,-1.3952,4.6048,-0.39515
5.6056,-0.39441,-1.3944,2.6056,-1.3944
-4.3937,1.6063,17.606,1.6063,2.6063
-0.39295,-2.393,-2.393,-2.393,9.607
-2.3922,1.6078,6.6078,6.6078,-0.39223
-1.3915,2.6085,1.6085,8.6085,-2.3915
-0.39079,0.60921,0.60921,4.6092,3.6092
-2.3901,-4.3901,5.6099,6.6099,-3.3901
-2.3894,-3.3894,2.6106,-2.3894,-1.3894
-2.3887,-1.3887,-0.38867,1.6113,-1.3887
4.612,-3.388,-1.388,4.612,2.612
8.6127,-0.38727,2.6127,0.61273,1.6127
-3.3866,-1.3866,-4.3866,0.61342,-3.3866
4.6141,3.6141,3.6141,-0.3859,2.6141
-2.3852,0.61478,1.6148,-2.3852,-2.3852
-2.3845,-2.3845,0.61546,0.61546,-3.3845
-0.38387,-0.38387,-0.38387,9.6161,-2.3839
-2.3832,-2.3832,-4.3832,5.6168,-1.3832
2.6175,-1.3825,-2.3825,5.6175,-2.3825
-2.3819,-2.3819,-3.3819,-2.3819,2.6181
4.6188,4.6188,9.6188,-0.38123,14.619
12.619,1.6194,-2.3806,-3.3806,-2.3806
-0.37993,-1.3799,-2.3799,-3.3799,-3.3799
0.62071,-0.37929,5.6207,-3.3793,-0.37929
-0.37865,5.6213,-0.37865,-2.3787,-0.37865
8.622,-2.378,-0.37802,0.62198,-3.378
0.6226,-3.3774,11.623,0.6226,2.6226
-2.3768,-1.3768,10.623,-1.3768,-0.37678
1.6238,0.62384,-2.3762,-0.37616,0.62384
-2.3755,9.6245,5.6245,-2.3755,1.6245
-0.37494,7.6251,-0.37494,-3.3749,-0.37494
14.626,-1.3743,-3.3743,-2.3743,11.626
-2.3737,4.6263,-3.3737,-2.3737,-2.3737
-0.37314,15.627,-1.3731,1.6269,-3.3731
1.6275,-0.37255,1.6275,5.6275,-1.3725
-1.372,-0.37196,1.628,0.62804,4.628
4.6286,2.6286,-3.3714,-0.37138,3.6286
-1.3708,-1.3708,-1.3708,2.6292,-2.3708
-3.3702,0.62976,6.6298,-1.3702,-5.3702
3.6303,-0.36967,-3.3697,-2.3697,-0.36967
-0.36911,12.631,-1.3691,-0.36911,-2.3691
2.6314,-0.36855,-1.3686,3.6314,2.6314
3.632,-0.368,-2.368,-1.368,-1.368
8.6325,4.6325,-0.36745,5.6325,-0.36745
11.633,3.6331,-2.3669,1.6331,-1.3669
-2.3664,0.63363,-2.3664,0.63363,-0.36637
-2.3658,-0.36583,-1.3658,7.6342,0.63417
-1.3653,5.6347,-1.3653,0.63469,2.6347
-4.3648,-2.3648,-3.3648,-0.36478,7.6352
-3.3643,-1.3643,-0.36426,-0.36426,-1.3643
-5.3637,-2.3637,-7.3637,-2.3637,0.63625
1.6368,12.637,-2.3632,3.6368,-2.3632
-2.3627,-1.3627,-1.3627,17.637,8.6373
-2.3622,7.6378,2.6378,-2.3622,-2.3622
-2.3617,-3.3617,-0.36174,5.6383,-3.3617
-4.3612,-0.36124,4.6388,2.6388,-0.36124
1.6392,0.63924,0.63924,-2.3608,2.6392
-1.3603,-0.36028,-1.3603,0.63972,4.6397
-4.3598,5.6402,-1.3598,1.6402,15.64
-2.3593,6.6407,-0.35933,-0.35933,3.6407
1.6411,-4.3589,19.641,6.6411,1.6411
-2.3584,-0.3584,-2.3584,-1.3584,-2.3584
-0.35794,0.64206,3.6421,-2.3579,-1.3579
-0.35749,6.6425,-0.35749,1.6425,1.6425
6.643,10.643,2.643,-1.357,-3.357
8.6434,-2.3566,10.643,-4.3566,-2.3566
2.6438,1.6438,-2.3562,-3.3562,-0.35616
-4.3557,-1.3557,1.6443,-5.3557,0.64427
-3.3553,3.6447,3.6447,3.6447,-0.3553
18.645,-1.3549,2.6451,-4.3549,1.6451
-6.3545,-0.35446,2.6455,-2.3545,2.6455
-3.354,-0.35404,-0.35404,-3.354,0.64596
-3.3536,-0.35364,0.64636,1.6464,-2.3536
-1.3532,5.6468,-0.35323,-2.3532,-4.3532
2.6472,16.647,11.647,-1.3528,-2.3528
-1.3524,-1.3524,-1.3524,10.648,-1.3524
-3.3521,-0.35205,-4.3521,7.6479,-0.35205
5.6483,-0.35167,2.6483,-0.35167,-3.3517
3.6487,-2.3513,-4.3513,4.6487,-2.3513
-3.3509,-3.3509,1.6491,0.64909,-5.3509
-1.3505,-1.3505,-2.3505,-3.3505,5.6495
-3.3502,-1.3502,-1.3502,-3.3502,-0.35018
1.6502,0.65018,-1.3498,-4.3498,-2.3498
-4.3495,-2.3495,-0.34947,9.6505,4.6505
-1.3491,-2.3491,0.65088,3.6509,-2.3491
-2.3488,0.65123,0.65123,-1.3488,0.65123
3.6516,-0.34843,-2.3484,-1.3484,3.6516
-0.3481,2.6519,4.6519,6.6519,15.652
2.6522,1.6522,2.6522,-0.34777,5.6522
7.6526,10.653,2.6526,-2.3474,0.65255
-2.3471,-1.3471,6.6529,-2.3471,4.6529
-4.3468,-1.3468,-1.3468,13.653,-2.3468
-1.3465,0.65349,0.65349,-1.3465,-1.3465
1.6538,3.6538,-1.3462,-3.3462,-2.3462
8.6541,-0.3459,-2.3459,-2.3459,-1.3459
4.6544,6.6544,1.6544,1.6544,1.6544
6.6547,-0.34532,-0.34532,2.6547,3.6547
-3.345,8.655,6.655,-1.345,3.655
-2.3448,1.6552,2.6552,8.6552,1.6552
-1.3445,-0.34449,-0.34449,5.6555,-0.34449
0.65578,2.6558,10.656,0.65578,-2.3442
3.656,-0.34395,-0.34395,3.656,5.656
0.6563,-2.3437,2.6563,3.6563,-2.3437
-0.34344,-2.3434,3.6566,-2.3434,2.6566
-3.3432,-0.3432,9.6568,4.6568,3.6568
4.657,16.657,0.65705,0.65705,12.657
2.6573,0.65728,-3.3427,-4.3427,-2.3427
0.65752,-1.3425,-4.3425,3.6575,4.6575
10.658,-3.3423,-3.3423,2.6577,-2.3423
-1.342,-3.342,0.65796,-0.34204,-2.342
-1.3418,4.6582,6.6582,2.6582,-0.34182
3.6584,-2.3416,2.6584,-1.3416,-0.34161
4.6586,-1.3414,-0.3414,4.6586,-2.3414
-3.3412,-2.3412,7.6588,0.6588,2.6588
0.65899,-2.341,-2.341,-2.341,5.659
-1.3408,11.659,-3.3408,-1.3408,1.6592
2.6594,-4.3406,3.6594,-2.3406,2.6594
0.65955,-0.34045,-0.34045,-1.3404,-2.3404
-0.34027,0.65973,3.6597,-3.3403,2.6597
2.6599,2.6599,-1.3401,-3.3401,-1.3401
0.66006,-3.3399,0.66006,-1.3399,-3.3399
2.6602,-1.3398,0.66022,2.6602,-1.3398
2.6604,-1.3396,0.66037,-2.3396,1.6604
-3.3395,1.6605,-1.3395,0.66052,-2.3395
1.6607,-1.3393,0.66066,9.6607,1.6607
-1.3392,-2.3392,0.6608,4.6608,-1.3392
-2.3391,-1.3391,-1.3391,-2.3391,0.66093
-0.33894,-3.3389,4.6611,-2.3389,-0.33894
3.6612,0.66118,-0.33882,2.6612,5.6612
-2.3387,-3.3387,1.6613,3.6613,7.6613
0.66141,-2.3386,-1.3386,-3.3386,-1.3386
-2.3385,4.6615,2.6615,-1.3385,1.6615
-3.3384,-3.3384,-1.3384,6.6616,2.6616
0.66171,-3.3383,0.66171,-1.3383,3.6617
-5.3382,0.6618,2.6618,-4.3382,2.6618
-3.3381,4.6619,-0.33811,-2.3381,7.6619
-0.33804,-3.338,16.662,0.66196,4.662
-2.338,1.662,-2.338,-0.33796,-4.338
-0.33789,-3.3379,4.6621,-2.3379,-2.3379
5.6622,-1.3378,-3.3378,-1.3378,-3.3378
-1.3378,-1.3378,-2.3378,1.6622,0.66223
-1.3377,10.662,9.6623,-2.3377,-1.3377
-0.33768,-4.3377,-2.3377,1.6623,6.6623
4.6624,-0.33763,-4.3376,12.662,-0.33763
-3.3376,3.6624,-0.3376,9.6624,-2.3376
0.66243,-1.3376,-3.3376,0.66243,-1.3376
0.66246,1.6625,3.6625,-2.3375,-3.3375
0.66248,-0.33752,-1.3375,-2.3375,-2.3375
-1.3375,-1.3375,11.662,1.6625,1.6625
-1.3375,-3.3375,3.6625,1.6625,-0.3375
3.6625,2.6625,1.6625,16.663,-2.3375
0.66245,0.66245,13.662,-2.3375,3.6625
-1.3377,0.66231,0.66231,0.66231,-0.33769
-0.33793,-1.3379,0.66207,-0.33793,0.66207
2.6617,0.66175,3.6617,0.66175,-0.33825
0.66132,-1.3387,-0.33868,6.6613,-0.33868
-0.33919,0.66081,3.6608,-0.33919,10.661
-1.3398,-3.3398,-1.3398,-3.3398,-3.3398
0.65952,-0.34048,1.6595,-3.3405,0.65952
-0.34126,-0.34126,18.659,-2.3413,-4.3413
-3.3421,2.6579,-0.34212,4.6579,2.6579
6.6569,-0.34307,-4.3431,3.6569,3.6569
7.6559,-3.3441,-2.3441,-1.3441,-2.3441
-1.3452,-1.3452,-4.3452,10.655,1.6548
0.65357,3.6536,-1.3464,-0.34643,4.6536
11.652,-0.34772,5.6523,5.6523,0.65228
1.6509,-0.34909,2.6509,-0.34909,-3.3491
3.6495,-0.35053,1.6495,7.6495,-1.3505
-0.35206,6.6479,3.6479,6.6479,3.6479
3.6463,-1.3537,0.64633,2.6463,-2.3537
0.64465,-2.3553,2.6447,-0.35535,-1.3553
-2.3571,-3.3571,-5.3571,-3.3571,-1.3571
-0.35894,-0.35894,-0.35894,2.6411,-1.3589
6.6391,-1.3609,12.639,7.6391,-0.36085
7.6372,1.6372,-3.3628,1.6372,-0.36284
12.635,13.635,0.63511,9.6351,-1.3649
-1.367,-2.367,-2.367,-1.367,6.633
-2.3692,1.6308,-3.3692,-2.3692,0.63078
-1.3715,-2.3715,-2.3715,-2.3715,-3.3715
4.6262,-1.3738,-1.3738,0.62618,7.6262
2.6238,-3.3762,3.6238,1.6238,1.6238
2.6213,-0.3787,9.6213,10.621,0.6213
12.619,-0.38124,9.6188,0.61876,-3.3812
1.6162,-5.3838,4.6162,9.6162,-4.3838
-2.3865,-3.3865,-0.38651,-2.3865,1.6135
-2.3892,-2.3892,-6.3892,0.61076,19.611
-0.39203,-3.392,-0.39203,2.608,5.608
-1.3949,-1.3949,-2.3949,-4.3949,-1.3949
-0.3978,2.6022,-2.3978,0.6022,-0.3978
-0.40077,13.599,5.5992,6.5992,6.5992
0.5962,3.5962,9.5962,0.5962,9.5962
-1.4069,5.5931,-2.4069,-1.4069,-2.4069
8.59,-2.41,7.59,0.58997,-1.41
-1.4132,0.58677,6.5868,3.5868,2.5868
2.5835,-0.41649,10.584,0.58351,15.584
-1.4198,-1.4198,10.58,-1.4198,-0.4198
-0.42316,1.5768,27.577,0.57684,4.5768
-1.4266,-3.4266,0.57343,3.5734,-2.4266
3.57,-1.43,5.57,-1.43,-1.43
0.56645,0.56645,-2.4335,-1.4335,6.5665
-2.4371,-0.43711,-2.4371,-2.4371,-0.43711
-2.4407,8.5593,-1.4407,7.5593,-0.44072
2.5556,-2.4444,0.55562,15.556,1.5556
-1.4481,3.5519,-1.4481,-1.4481,-1.4481
-2.4518,-0.45183,-4.4518,4.5482,-1.4518
-4.4556,7.5444,-3.4556,3.5444,-4.4556
-6.4595,7.5405,-0.45945,-0.45945,-0.45945
-5.4633,3.5367,-2.4633,-2.4633,4.5367
0.53275,9.5328,-3.4672,0.53275,-2.4672
-3.4712,-0.4712,8.5288,0.5288,3.5288
7.5248,0.5248,-3.4752,-2.4752,9.5248
-2.4792,11.521,-0.47924,-2.4792,-3.4792
-4.4833,-1.4833,-3.4833,-2.4833,-0.48331
2.5126,5.5126,-2.4874,-2.4874,0.51258
-0.49156,1.5084,-2.4916,0.50844,6.5084
5.5043,10.504,4.5043,-1.4957,2.5043
-2.5,-2.5,-2.5,-1.5,-2.5
-4.5042,1.4958,0.4958,-1.5042,-0.5042
-3.5085,-0.50847,-0.50847,-1.5085,-0.50847
-3.5128,-4.5128,-1.5128,2.4872,-4.5128
3.4829,6.4829,9.4829,-1.5171,-3.5171
6.4785,-2.5215,2.4785,-0.52148,-2.5215
-0.52587,-1.5259,3.4741,-0.52587,-3.5259
9.4697,-1.5303,-2.5303,-3.5303,1.4697
-0.53474,-3.5347,-3.5347,-0.53474,8.4653
-1.5392,-0.53921,0.46079,12.461,-1.5392
3.4563,-0.5437,17.456,-2.5437,-0.5437
2.4518,0.45178,-2.5482,-3.5482,-2.5482
-0.55276,4.4472,-1.5528,-1.5528,10.447
-2.5573,-1.5573,4.4427,-1.5573,-2.5573
-5.5619,-1.5619,3.4381,-3.5619,-0.5619
-2.5665,0.4335,-1.5665,-2.5665,10.434
-4.5711,6.4289,0.42888,-3.5711,8.4289
1.4242,5.4242,9.4242,-1.5758,6.4242
5.4196,-2.5804,-1.5804,-4.5804,2.4196
6.4149,4.4149,0.41493,-3.5851,1.4149
8.4103,0.41025,8.4103,-4.5897,5.4103
-3.5944,12.406,6.4056,3.4056,0.40556
-0.59915,5.4008,-0.59915,3.4008,0.40085
11.396,5.3961,0.39613,-5.6039,16.396
-3.6086,-2.6086,6.3914,-3.6086,-2.6086
-0.61333,5.3867,1.3867,0.38667,1.3867
1.3819,-1.6181,7.3819,-4.6181,-1.6181
-3.6228,-3.6228,7.3772,-3.6228,3.3772
-4.6276,-0.6276,2.3724,0.3724,5.3724
-2.6324,0.36764,-3.6324,6.3676,-1.6324
1.3629,-3.6371,1.3629,-4.6371,6.3629
-1.6419,-0.64191,6.3581,-1.6419,1.3581
-3.6467,1.3533,2.3533,0.35331,-0.64669
4.3485,-0.65147,-0.65147,-3.6515,12.349
1.3438,-0.65625,3.3438,3.3438,-2.6562
-1.661,11.339,-0.66103,2.339,6.339
-0.66581,6.3342,-0.66581,-2.6658,1.3342
3.3294,2.3294,2.3294,-2.6706,-3.6706
-1.6754,0.32464,-2.6754,-1.6754,-1.6754
-1.6801,-0.68014,-1.6801,3.3199,-3.6801
-1.6849,6.3151,0.3151,1.3151,-0.6849
-0.68966,1.3103,-1.6897,2.3103,8.3103
-2.6944,-0.69442,19.306,-2.6944,-1.6944
0.30083,1.3008,-2.6992,4.3008,3.3008
-4.7039,-0.7039,-1.7039,12.296,-0.7039
-2.7086,-3.7086,8.2914,1.2914,-2.7086
-2.7133,2.2867,-2.7133,-2.7133,0.28665
-4.7181,5.2819,-3.7181,-2.7181,0.28194
-1.7228,-3.7228,3.2772,-0.72275,-4.7228
-1.7274,-1.7274,0.27257,-0.72743,-3.7274
-2.7321,-0.7321,12.268,5.2679,4.2679
-1.7367,0.26325,-1.7367,1.2633,-2.7367
-2.7414,-2.7414,0.25862,-1.7414,-0.74138
-3.746,2.254,2.254,6.254,-3.746
-0.7506,9.2494,-0.7506,0.2494,0.2494
0.24482,2.2448,4.2448,-0.75518,-1.7552
3.2403,-1.7597,-1.7597,0.24026,-1.7597
0.23572,0.23572,-1.7643,-2.7643,-0.76428
9.2312,1.2312,-0.7688,2.2312,2.2312
-2.7733,-4.7733,-2.7733,3.2267,-0.77329
9.2222,-4.7778,2.2222,-2.7778,-0.77776
-1.7822,3.2178,-3.7822,-1.7822,-4.7822
-1.7866,2.2134,-0.78663,0.21337,-0.78663
-1.791,-1.791,3.209,-3.791,2.209
-0.79538,0.20462,0.20462,-1.7954,4.2046
4.2003,-3.7997,5.2003,0.20028,-2.7997
0.19597,-1.804,2.196,0.19597,-1.804
0.1917,3.1917,-0.8083,-1.8083,17.192
-0.81255,1.1875,-2.8125,-0.81255,-2.8125
-3.8168,12.183,1.1832,13.183,2.1832
-3.8209,-2.8209,-3.8209,-0.82094,-2.8209
0.17492,0.17492,1.1749,0.17492,-0.82508
0.17081,19.171,6.1708,-1.8292,2.1708
-5.8333,2.1667,3.1667,-2.8333,5.1667
3.1627,2.1627,-0.8373,-2.8373,5.1627
-2.8413,-0.8413,-0.8413,-3.8413,-2.8413
-3.8453,-5.8453,-2.8453,-4.8453,-3.8453
2.1508,-0.84917,-0.84917,-2.8492,-2.8492
-1.853,11.147,20.147,-1.853,-2.853
3.1431,9.1431,-3.8569,-0.85688,-2.8569
-0.86067,0.13933,1.1393,2.1393,-0.86067
3.1356,-1.8644,1.1356,-5.8644,-0.86442
-2.8681,1.1319,4.1319,-1.8681,-4.8681
-0.87178,-1.8718,6.1282,4.1282,2.1282
3.1246,1.1246,21.125,1.1246,-0.87539
-2.879,-1.879,-0.87895,-0.87895,0.12105
-1.8825,-0.88247,-0.88247,0.11753,-0.88247
5.1141,0.11407,-1.8859,-2.8859,-0.88593
-2.8893,-0.88934,3.1107,1.1107,2.1107
-2.8927,3.1073,1.1073,7.1073,-1.8927
-2.896,0.10399,6.104,-1.896,-1.896
-0.89927,-0.89927,1.1007,1.1007,0.10073
-0.90247,9.0975,2.0975,6.0975,-1.9025
7.0944,3.0944,-3.9056,-3.9056,-1.9056
0.0913,-2.9087,-1.9087,-3.9087,1.0913
0.088269,0.088269,-1.9117,-2.9117,-0.91173
-2.9147,3.0853,0.085296,-1.9147,4.0853
1.0824,-0.91762,-2.9176,-1.9176,2.0824
0.079529,1.0795,-0.92047,-2.9205,-2.9205
-3.9233,5.0767,6.0767,-0.92326,0.076737
-3.926,1.074,-2.926,3.074,6.074
0.07134,5.0713,-1.9287,15.071,-1.9287
0.068738,0.068738,-4.9313,11.069,-1.9313
-1.9338,-2.9338,-0.9338,10.066,0.0662
-3.9363,1.0637,-3.9363,7.0637,-3.9363
1.0613,-1.9387,-0.93868,3.0613,-1.9387
-1.941,-1.941,7.059,-1.941,-0.94101
4.0567,-1.9433,2.0567,-0.94328,-4.9433
5.0545,-0.94548,-1.9455,4.0545,6.0545
-3.9476,-0.94761,-2.9476,-2.9476,-3.9476
0.050337,1.0503,6.0503,-1.9497,1.0503
1.0484,1.0484,3.0484,-0.95165,1.0484
-3.9536,0.046444,4.0464,-2.9536,0.046444
4.0446,-2.9554,-1.9554,-0.95539,-2.9554
-0.95715,-0.95715,-1.9572,-3.9572,-0.95715
-1.9588,7.0412,-0.95883,3.0412,7.0412
6.0396,1.0396,-0.96044,-1.9604,9.0396
-2.962,-0.96197,5.038,-0.96197,0.038035
8.0366,-2.9634,6.0366,-2.9634,-0.96341
0.03522,-3.9648,-2.9648,6.0352,-3.9648
-0.96607,-2.9661,-2.9661,-0.96607,-1.9661
8.0327,3.0327,11.033,-3.9673,-1.9673
5.0316,-1.9684,-4.9684,1.0316,0.03161
6.0306,3.0306,-0.96943,3.0306,-2.9694
-3.9704,6.0296,-1.9704,0.029622,6.0296
-0.97124,0.028757,3.0288,8.0288,-1.9712
-0.97202,1.028,2.028,8.028,-3.972
-0.97271,5.0273,-4.9727,-1.9727,-3.9727
7.0267,-0.97331,-1.9733,-5.9733,-1.9733
1.0262,-2.9738,-2.9738,-1.9738,-0.97382
2.0258,1.0258,-0.97425,-2.9742,-0.97425
2.0254,-2.9746,6.0254,-0.97457,0.025426
-0.97481,5.0252,3.0252,3.0252,0.02519
3.025,-0.97495,2.025,-0.97495,1.025
-0.975,1.025,-3.975,0.025,3.025
6.025,8.025,-0.975,-0.975,3.025
1.025,-0.975,5.025,4.025,-0.975
4.025,-0.975,1.025,1.025,0.025001
0.025001,-0.975,1.025,-0.975,-0.975
0.025003,6.025,-1.975,-1.975,0.025003
1.025,0.025005,-0.975,-0.975,14.025
-1.975,2.025,6.025,1.025,2.025
0.025011,4.025,2.025,-1.975,-1.975
3.025,6.025,1.025,8.025,-3.975
3.025,3.025,3.025,9.025,5.025
-3.975,1.025,3.025,-1.975,-0.97497
-4.975,-1.975,4.025,-0.97496,-2.975
-0.97495,2.025,0.025046,-0.97495,0.025046
-4.9749,0.025058,-0.97494,1.0251,-0.97494
-1.9749,-0.97493,1.0251,-2.9749,31.025
0.025086,-2.9749,-0.97491,6.0251,-3.9749
-1.9749,1.0251,3.0251,0.025104,1.0251
2.0251,-0.97488,2.0251,-3.9749,0.025123
8.0251,-0.97486,2.0251,1.0251,10.025
1.0252,6.0252,-2.9748,3.0252,19.025
21.025,1.0252,4.0252,10.025,-0.9748
-0.97478,0.025225,-0.97478,6.0252,3.0252
-0.97474,-5.9747,-2.9747,1.0253,5.0253
-1.9747,1.0253,6.0253,2.0253,-0.97471
5.0253,-2.9747,5.0253,-1.9747,3.0253
-3.9746,0.025371,-1.9746,-0.97463,4.0254
2.0254,4.0254,-1.9746,-2.9746,1.0254
0.025463,7.0255,-2.9745,1.0255,1.0255
-3.9745,-2.9745,-2.9745,12.026,5.0255
0.02557,3.0256,-0.97443,-3.9744,-2.9744
-1.9744,0.025628,4.0256,-0.97437,-5.9744
4.0257,4.0257,-1.9743,-3.9743,-4.9743
2.0258,9.0258,-4.9742,2.0258,-0.97424
-0.97417,4.0258,0.025829,0.025829,4.0258
14.026,1.0259,7.0259,2.0259,1.0259
1.026,2.026,3.026,-1.974,5.026
5.0261,-1.9739,12.026,-2.9739,8.0261
-0.97384,-3.9738,2.0262,7.0262,1.0262
-0.97375,1.0263,-0.97375,14.026,7.0263
1.0263,0.02635,-0.97365,-2.9737,3.0263
-3.9735,-0.97355,3.0265,-1.9735,1.0265
-1.9734,-1.9734,1.0266,4.0266,2.0266
-2.9733,-2.9733,-0.97332,7.0267,3.0267
-4.9732,0.026797,5.0268,3.0268,2.0268
-2.9731,6.0269,-0.97308,1.0269,1.0269
4.0271,-1.9729,-0.97295,-1.9729,5.0271
0.02719,-0.97281,-0.97281,0.02719,5.0272
9.0273,4.0273,3.0273,-2.9727,0.027333
-2.9725,22.027,0.027482,5.0275,6.0275
-1.9724,6.0276,4.0276,1.0276,-4.9724
0.027798,0.027798,0.027798,1.0278,0.027798
3.028,-3.972,3.028,5.028,4.028
2.0281,2.0281,-2.9719,2.0281,1.0281
0.028322,11.028,5.0283,-3.9717,12.028
0.028509,13.029,6.0285,-6.9715,3.0285
0.028704,6.0287,1.0287,0.028704,-5.9713
7.0289,-2.9711,0.028906,0.028906,1.0289
1.0291,0.029116,1.0291,-1.9709,-1.9709
-1.9707,1.0293,-2.9707,-3.9707,2.0293
-1.9704,-1.9704,3.0296,3.0296,4.0296
-1.9702,-1.9702,-1.9702,14.03,-3.9702
-0.96997,7.03,10.03,-2.97,0.030027
-0.96973,-4.9697,0.030274,-5.9697,1.0303
-1.9695,-2.9695,-0.96947,-1.9695,10.031
-2.9692,-1.9692,-0.96921,-3.9692,-2.9692
0.031064,6.0311,0.031064,0.031064,0.031064
0.031344,9.0313,-3.9687,11.031,-2.9687
9.0316,0.031633,1.0316,1.0316,3.0316
-2.9681,-3.9681,0.031929,6.0319,-0.96807
3.0322,4.0322,-1.9678,6.0322,6.0322
8.0325,8.0325,-3.9675,19.033,0.03255
3.0329,-0.96713,0.032873,12.033,8.0329
5.0332,-1.9668,-0.96679,0.033206,12.033
6.0335,-1.9665,-0.96645,8.0335,-4.9665
11.034,-0.9661,-0.9661,4.0339,0.033899
7.0343,10.034,1.0343,3.0343,2.0343
1.0346,-2.9654,-2.9654,8.0346,8.0346
-3.965,4.035,0.03501,2.035,7.035
12.035,0.0354,2.0354,-4.9646,13.035
7.0358,13.036,1.0358,0.0358,-0.9642
3.0362,9.0362,17.036,0.03621,-1.9638
2.0366,15.037,6.0366,8.0366,5.0366
9.0371,-0.96294,3.0371,6.0371,2.0371
1.0375,4.0375,12.038,0.037502,0.037502
1.038,-1.962,7.038,-3.962,1.038
-3.9616,8.0384,0.038417,2.0384,7.0384
8.0389,2.0389,7.0389,-2.9611,1.0389
-0.96063,0.039375,7.0394,1.0394,2.0394
-0.96013,-3.9601,4.0399,1.0399,4.0399
-2.9596,-0.95962,-2.9596,-2.9596,-2.9596
-0.9591,-1.9591,2.0409,-0.9591,-4.9591
1.0414,-0.95857,-2.9586,7.0414,-0.95857
0.041967,12.042,-0.95803,0.041967,-2.958
-1.9575,0.04252,9.0425,0.04252,3.0425
4.0431,-0.95691,-0.95691,-0.95691,-2.9569
5.0437,-0.95634,-4.9563,-2.9563,-3.9563
7.0443,1.0443,6.0443,-5.9557,-2.9557
-1.9551,3.0449,-0.95515,2.0449,3.0449
5.0455,7.0455,-2.9545,-2.9545,6.0455
-1.9539,-5.9539,0.046094,3.0461,5.0461
-1.9533,-1.9533,1.0467,-0.95327,-1.9533
5.0474,-1.9526,0.047385,-2.9526,0.047385
-1.952,-2.952,-0.95195,-2.952,12.048
3.0487,1.0487,2.0487,-1.9513,0.048728
3.0494,-1.9506,0.049419,1.0494,2.0494
0.050123,-4.9499,17.05,0.050123,1.0501
-1.9492,2.0508,3.0508,-2.9492,6.0508
-2.9484,2.0516,0.051572,3.0516,3.0516
12.052,-2.9477,-2.9477,1.0523,0.052317
-2.9469,-2.9469,7.0531,0.053076,0.053076
-0.94615,3.0538,3.0538,0.053848,12.054
-3.9454,2.0546,4.0546,-1.9454,0.054635
0.055436,-3.9446,-1.9446,-2.9446,-2.9446
10.056,6.0563,-2.9437,1.0563,-1.9437
-3.9429,5.0571,-1.9429,3.0571,0.057081
-3.9421,-0.94207,-1.9421,-2.9421,-2.9421
1.0588,1.0588,7.0588,-1.9412,-1.9412
-1.9403,11.06,-1.9403,2.0597,1.0597
5.0605,3.0605,-3.9395,2.0605,-3.9395
-1.9386,11.061,-0.93855,-3.9386,-1.9386
-0.93763,-2.9376,1.0624,-0.93763,6.0624
3.0633,4.0633,-4.9367,-1.9367,-1.9367
5.0643,3.0643,0.064253,-1.9357,5.0643
5.0652,3.0652,6.0652,2.0652,0.065218
-3.9338,2.0662,-3.9338,3.0662,-1.9338
-1.9328,3.0672,4.0672,5.0672,7.0672
7.0682,29.068,1.0682,-3.9318,6.0682
4.0692,2.0692,-0.93076,1.0692,4.0692
0.070282,-0.92972,-3.9297,6.0703,-3.9297
-2.9287,1.0713,11.071,-1.9287,2.0713
2.0724,2.0724,-3.9276,3.0724,5.0724
-1.9265,-4.9265,-2.9265,-2.9265,-2.9265
-2.9254,0.074626,-2.9254,-0.92537,0.074626
-3.9242,-0.92425,4.0758,-3.9242,-3.9242
-3.9231,0.076899,4.0769,0.076899,-3.9231
-1.9219,-4.9219,-0.92194,8.0781,-0.92194
8.0792,7.0792,1.0792,-4.9208,2.0792
-0.91956,-0.91956,-0.91956,-0.91956,0.080436
-0.91835,-2.9184,-2.9184,-0.91835,-1.9184
-0.91712,0.082881,0.082881,11.083,1.0829
0.08413,-2.9159,3.0841,-4.9159,8.0841
-2.9146,6.0854,0.085397,-4.9146,5.0854
-3.9133,-2.9133,-2.9133,-2.9133,7.0867
9.088,4.088,-2.912,1.088,-1.912
15.089,-0.91069,-0.91069,-0.91069,2.0893
-2.9094,-2.9094,-2.9094,3.0906,4.0906
-3.908,0.092005,-4.908,-2.908,0.092005
-0.90662,-2.9066,3.0934,1.0934,-0.90662
-0.90522,-3.9052,-3.9052,-0.90522,4.0948
-5.9038,-1.9038,-0.90381,5.0962,-2.9038
3.0976,6.0976,-1.9024,-3.9024,11.098
-0.90092,2.0991,2.0991,1.0991,6.0991
2.1005,4.1005,-3.8995,5.1005,-2.8995
2.102,1.102,-0.89796,7.102,-0.89796
2.1036,7.1036,4.1036,6.1036,-1.8964
-0.89492,-2.8949,-0.89492,-0.89492,-2.8949
-5.8934,0.10663,-0.89337,-4.8934,-2.8934
2.1082,-2.8918,9.1082,2.1082,5.1082
-1.8902,-0.89021,-0.89021,-1.8902,-1.8902
-0.8886,8.1114,-3.8886,3.1114,1.1114
12.113,5.113,-1.887,-1.887,-1.887
-1.8853,-1.8853,0.11468,-0.88532,-0.88532
0.11635,9.1164,0.11635,8.1164,-0.88365
-4.882,-3.882,-0.88196,-0.88196,-2.882
4.1198,-2.8802,0.11976,-0.88024,0.11976
11.121,0.12149,-2.8785,3.1215,-3.8785
-2.8768,1.1232,-1.8768,-0.87676,0.12324
-1.875,3.125,-4.875,-1.875,5.125
6.1268,0.12682,2.1268,-2.8732,7.1268
-0.87137,1.1286,2.1286,3.1286,-0.87137
-0.86953,-0.86953,3.1305,5.1305,-0.86953
-1.8677,3.1323,-0.86767,7.1323,3.1323
-4.8658,-0.86578,27.134,2.1342,-2.8658
-2.8639,-1.8639,17.136,8.1361,1.1361
-3.862,-1.862,2.138,-1.862,4.138
10.14,1.14,-0.86,-3.86,-4.86
11.142,-4.858,-2.858,3.142,-2.858
-1.856,-2.856,0.14396,-2.856,-0.85604
-4.854,-2.854,-0.85402,-1.854,-1.854
-1.852,-1.852,0.14802,-2.852,2.148
-1.8499,-1.8499,6.1501,2.1501,5.1501
1.1522,5.1522,-1.8478,-3.8478,-1.8478
4.1543,4.1543,-4.8457,1.1543,0.15427
8.1564,-1.8436,-0.8436,-0.8436,-1.8436
-4.8414,6.1586,2.1586,-4.8414,-1.8414
0.16074,-0.83926,-3.8393,-2.8393,-1.8393
-1.8371,0.16294,-3.8371,-2.8371,-0.83706
-1.8348,-3.8348,0.16516,0.16516,4.1652
-0.83259,-3.8326,2.1674,1.1674,8.1674
-1.8303,-0.83032,0.16968,8.1697,3.1697
-2.828,-0.82802,-0.82802,2.172,-3.828
-0.8257,8.1743,-3.8257,19.174,-3.8257
7.1766,-3.8234,5.1766,7.1766,-3.8234
16.179,-0.82099,1.179,-2.821,-4.821
-1.8186,-2.8186,0.18141,-2.8186,-1.8186
-3.8162,2.1838,0.18383,-2.8162,6.1838
1.1863,-1.8137,-0.81373,-1.8137,-2.8137
8.1887,-2.8113,2.1887,3.1887,-2.8113
11.191,2.1912,-1.8088,-2.8088,-5.8088
-1.8062,-0.80625,-0.80625,-2.8062,17.194
4.1963,4.1963,4.1963,2.1963,3.1963
1.1989,0.19886,0.19886,0.19886,-0.80114
0.20146,12.201,-1.7985,7.2015,-2.7985
-1.7959,2.2041,-0.79592,1.2041,-1.7959
-0.79327,1.2067,-3.7933,4.2067,-3.7933
-2.7906,-0.7906,5.2094,2.2094,-3.7906
-0.7879,-0.7879,3.2121,2.2121,-1.7879
1.2148,13.215,-0.78518,-4.7852,-4.7852
1.2176,2.2176,1.2176,3.2176,-4.7824
-2.7797,-4.7797,0.22035,-0.77965,1.2203
0.22315,-1.7768,-0.77685,7.2232,4.2232
-3.774,2.226,8.226,-0.77402,7.226
-1.7712,0.22884,1.2288,-0.77116,-0.77116
-3.7683,12.232,-1.7683,-3.7683,-1.7683
-3.7654,6.2346,-1.7654,-2.7654,0.23464
1.2376,2.2376,-1.7624,3.2376,-3.7624
7.2405,0.24054,-1.7595,-2.7595,1.2405
-2.7565,4.2435,-3.7565,0.24354,-2.7565
-0.75344,-4.7534,-3.7534,8.2466,-0.75344
-0.75039,1.2496,0.24961,-2.7504,-2.7504
7.2527,-0.74732,3.2527,3.2527,-4.7473
-3.7442,8.2558,5.2558,-1.7442,-0.74421
-1.7411,0.25892,-1.7411,2.2589,0.25892
1.2621,-1.7379,-1.7379,11.262,-0.73792
1.2653,4.2653,1.2653,-2.7347,-1.7347
-0.73151,-1.7315,-1.7315,-3.7315,4.2685
4.2717,-4.7283,2.2717,-0.72826,-1.7283
4.275,2.275,-3.725,0.27501,-4.725
-0.72169,-0.72169,0.27831,2.2783,3.2783
-1.7184,-2.7184,-1.7184,3.2816,1.2816
-2.715,-1.715,-1.715,9.285,9.285
-1.7116,-1.7116,-2.7116,-6.7116,-3.7116
3.2918,3.2918,10.292,-1.7082,-1.7082
-3.7047,5.2953,1.2953,3.2953,-2.7047
-2.7012,1.2988,-3.7012,-0.70125,-1.7012
-4.6977,-0.69774,1.3023,5.3023,1.3023
1.3058,-2.6942,-1.6942,-1.6942,2.3058
-1.6906,3.3094,-0.69063,0.30937,-3.6906
1.313,0.31297,2.313,3.313,-2.687
7.3166,0.3166,-0.6834,-3.6834,-1.6834
0.32026,-2.6797,-0.67974,-1.6797,8.3203
4.324,-3.676,10.324,-3.676,-1.676
6.3277,1.3277,5.3277,2.3277,-0.67233
-2.6686,6.3314,-1.6686,4.3314,-4.6686
-1.6648,-2.6648,-2.6648,-0.66479,5.3352
-2.661,-0.66098,-2.661,-2.661,-3.661
0.34287,-1.6571,0.34287,-1.6571,-2.6571
3.3467,0.34674,-1.6533,0.34674,-1.6533
10.351,-2.6493,-2.6493,-2.6493,2.3507
-3.6454,-0.64541,1.3546,0.35459,2.3546
2.3586,0.35856,0.35856,-1.6414,-0.64144
0.36256,-0.63744,-0.63744,1.3626,-1.6374
0.3666,13.367,-3.6334,-0.6334,3.3666
-0.62934,10.371,1.3707,-1.6293,-2.6293
-0.62524,-1.6252,8.3748,-4.6252,17.375
-0.62111,-3.6211,1.3789,-0.62111,-0.62111
-2.6169,2.3831,2.3831,2.3831,-2.6169
-1.6127,-4.6127,-3.6127,0.38725,1.3873
-0.60852,-1.6085,-0.60852,8.3915,0.39148
-0.60426,-3.6043,-0.60426,5.3957,0.39574
-0.59996,5.4,5.4,4.4,-0.59996
0.40437,4.4044,-2.5956,9.4044,7.4044
0.40873,11.409,-1.5913,4.4087,0.40873
10.413,6.4131,-0.58688,2.4131,3.4131
-3.5825,-2.5825,-1.5825,-2.5825,3.4175
-2.578,-2.578,5.422,0.42201,-2.578
1.4265,4.4265,-1.5735,0.4265,0.4265
3.431,2.431,-0.56897,1.431,-1.569
0.43559,-1.5644,-4.5644,-0.56441,-3.5644
-0.55981,-2.5598,-2.5598,2.4402,2.4402
1.4448,-2.5552,-1.5552,1.4448,4.4448
-1.5505,-2.5505,-4.5505,0.44948,6.4495
-0.54582,0.45418,2.4542,-2.5458,15.454
1.4589,-2.5411,2.4589,-4.5411,-1.5411
0.46368,-0.53632,8.4637,-1.5363,8.4637
-2.5315,-0.53151,1.4685,-1.5315,-1.5315
2.4733,-1.5267,-0.52667,-1.5267,6.4733
-0.5218,5.4782,5.4782,10.478,0.4782
2.4831,8.4831,0.48311,5.4831,-2.5169
-2.5119,0.48805,-2.5119,8.4881,-3.5119
-4.507,5.493,-2.507,-0.50697,-1.507
-2.502,2.498,0.49804,4.498,-1.502
-1.4969,-1.4969,-4.4969,10.503,-0.49691
-1.4918,0.50818,9.5082,-1.4918,0.50818
1.5133,4.5133,-1.4867,-1.4867,-3.4867
4.5185,-3.4815,-0.48154,-3.4815,-2.4815
-3.4763,0.52365,24.524,-0.47635,7.5237
-3.4711,-2.4711,-1.4711,-1.4711,2.5289
-0.46585,1.5342,-3.4658,0.53415,-4.4658
-2.4605,12.539,-0.46054,4.5395,-0.46054
0.5448,0.5448,-1.4552,-1.4552,7.5448
-1.4498,-2.4498,0.55017,3.5502,-0.44983
3.5556,-1.4444,-4.4444,0.55559,-2.4444
8.561,2.561,2.561,-2.439,-0.43896
0.56653,-0.43347,2.5665,-1.4335,0.56653
-1.4279,0.57205,6.5721,-2.4279,-0.42795
-2.4224,11.578,4.5776,-1.4224,-0.42238
-1.4168,0.58322,-1.4168,17.583,4.5832
-0.41115,-3.4111,-1.4111,-0.41115,-1.4111
