-1.6512,-3.6512,1.3488,20.349,0.3488
-1.6443,-6.6443,-4.6443,2.3557,-2.6443
2.3626,-3.6374,0.3626,-2.6374,-3.6374
7.3695,-2.6305,31.369,-5.6305,-4.6305
-1.6236,5.3764,-2.6236,-3.6236,9.3764
-2.6167,3.3833,1.3833,-3.6167,9.3833
1.3901,-3.6099,-3.6099,-1.6099,-2.6099
-3.603,14.397,2.397,5.397,-1.603
-0.59616,-6.5962,-5.5962,5.4038,13.404
-3.5893,-1.5893,-5.5893,-1.5893,4.4107
4.4175,-5.5825,-3.5825,-3.5825,30.418
3.4244,-3.5756,-4.5756,-0.57564,-3.5756
20.431,-0.56882,3.4312,0.43118,-1.5688
0.43799,-1.562,-3.562,2.438,0.43799
1.4448,-0.5552,-1.5552,-2.5552,-2.5552
-5.5484,0.4516,-3.5484,3.4516,-4.5484
-3.5416,0.45839,-2.5416,-2.5416,-0.54161
-0.53483,-4.5348,-5.5348,-1.5348,-0.53483
7.4719,-2.5281,2.4719,6.4719,-2.5281
4.4787,14.479,-2.5213,-2.5213,0.4787
-2.5145,3.4855,5.4855,-0.51454,-4.5145
-0.5078,-3.5078,-2.5078,-1.5078,-3.5078
0.49894,3.4989,-2.5011,4.4989,-0.50106
0.50566,5.5057,-6.4943,7.5057,1.5057
-0.48762,-0.48762,-2.4876,-3.4876,-3.4876
-3.4809,3.5191,-2.4809,-3.4809,-3.4809
0.52578,-5.4742,-2.4742,4.5258,6.5258
-1.4675,-1.4675,1.5325,-4.4675,-2.4675
12.539,8.5391,6.5391,-4.4609,-3.4609
-4.4542,-1.4542,-3.4542,0.54582,-6.4542
-3.4475,-3.4475,-2.4475,-1.4475,-2.4475
-4.4409,0.55912,-5.4409,-0.44088,2.5591
16.566,0.56576,2.5658,-2.4342,-1.4342
11.572,-4.4276,-4.4276,-0.42761,-3.4276
10.579,-4.421,0.579,-2.421,3.579
-3.4144,-0.41439,-1.4144,-2.4144,-3.4144
-0.40779,-1.4078,-2.4078,-3.4078,-1.4078
-1.4012,1.5988,-4.4012,2.5988,-3.4012
8.6054,6.6054,7.6054,-5.3946,-2.3946
-4.3881,5.6119,-0.38807,-4.3881,5.6119
9.6185,-1.3815,-2.3815,-3.3815,-3.3815
-1.375,-1.375,-2.375,-1.375,-3.375
9.6315,14.632,3.6315,-0.36845,-2.3685
-5.3619,-4.3619,-2.3619,-2.3619,0.63807
-1.3554,-0.35543,7.6446,-3.3554,-5.3554
-3.3489,-0.34893,2.6511,-1.3489,-3.3489
-4.3425,3.6575,3.6575,-4.3425,-4.3425
-5.336,2.664,-2.336,0.66402,-2.336
1.6705,18.67,-4.3295,1.6705,7.6705
-0.32308,9.6769,-0.32308,-3.3231,-0.32308
1.6834,-4.3166,1.6834,-4.3166,6.6834
9.6898,-5.3102,-3.3102,-1.3102,4.6898
-4.3038,4.6962,-3.3038,-1.3038,-0.30381
2.7026,2.7026,0.70259,0.70259,-2.2974
-2.291,15.709,-0.29103,-1.291,-6.291
-0.28466,0.71534,-4.2847,11.715,-2.2847
6.7217,-2.2783,2.7217,-1.2783,0.7217
-0.27195,-5.272,5.728,4.728,1.728
9.7344,-3.2656,7.7344,-0.26562,0.73438
-4.2593,-3.2593,-5.2593,-2.2593,-1.2593
-2.253,-3.253,-1.253,1.747,5.747
-2.2467,-1.2467,-5.2467,-1.2467,14.753
-0.24042,-3.2404,-5.2404,3.7596,-2.2404
-4.2342,0.76585,-5.2342,-7.2342,1.7658
-3.2279,5.7721,-1.2279,-3.2279,-2.2279
9.7783,5.7783,7.7783,-1.2217,2.7783
3.7846,-0.21544,-1.2154,9.7846,1.7846
-0.20923,5.7908,-0.20923,0.79077,8.7908
7.797,5.797,-3.203,8.797,-0.20303
-2.1968,-1.1968,-6.1968,4.8032,1.8032
0.80932,-4.1907,-1.1907,3.8093,-2.1907
-1.1845,-3.1845,-5.1845,2.8155,11.815
0.82161,-3.1784,-0.17839,0.82161,1.8216
-0.17227,-3.1723,-3.1723,-0.17227,-1.1723
5.8338,-4.1662,-3.1662,-2.1662,1.8338
3.8399,4.8399,-3.1601,16.84,-1.1601
-3.154,-2.154,3.846,1.846,4.846
0.85208,-3.1479,-3.1479,-1.1479,-0.14792
-2.1419,-3.1419,-7.1419,-1.1419,0.85813
6.8642,-4.1358,-0.13584,5.8642,-5.1358
3.8702,-2.1298,-2.1298,-2.1298,-1.1298
-0.12381,-2.1238,-3.1238,-0.12381,6.8762
-2.1178,0.88217,-3.1178,-4.1178,0.88217
-5.1119,-1.1119,-1.1119,-3.1119,-0.11186
0.8941,-3.1059,-6.1059,-3.1059,-2.1059
-4.1,-0.09996,-3.1,1.9,8.9
4.906,-2.094,-4.094,-2.094,-3.094
-0.088129,5.9119,-4.0881,3.9119,0.91187
0.91776,-1.0822,-4.0822,0.91776,-1.0822
-2.0764,-3.0764,-8.0764,-2.0764,-1.0764
-2.0705,-3.0705,-0.070504,-2.0705,-5.0705
-4.0647,-1.0647,16.935,-3.0647,4.9353
-1.0588,-3.0588,-4.0588,-1.0588,8.9412
-2.053,-5.053,-3.053,-3.053,2.947
-1.0472,-3.0472,-4.0472,10.953,-3.0472
6.9585,11.959,-7.0415,17.959,-2.0415
-1.0357,-2.0357,-2.0357,-4.0357,1.9643
-5.03,5.97,-3.03,-2.03,4.97
-2.0242,-6.0242,-2.0242,-1.0242,-2.0242
4.9815,-4.0185,-3.0185,-4.0185,1.9815
-3.0129,0.98715,-2.0129,-4.0129,-3.0129
0.99282,-6.0072,-1.0072,-4.0072,-1.0072
-2.0015,-3.0015,-2.0015,-4.0015,-0.0015295
-2.9959,-0.9959,-6.9959,8.0041,8.0041
-1.9903,3.0097,-2.9903,-0.99028,9.0097
1.0153,-1.9847,-1.9847,9.0153,7.0153
3.0209,-1.9791,-2.9791,1.0209,-0.9791
-2.9735,-2.9735,-4.9735,-0.97354,-0.97354
-1.968,1.032,-3.968,4.032,-4.968
1.0375,18.038,-0.96247,0.037528,-0.96247
3.043,-2.957,-3.957,-2.957,0.043034
-2.9515,-0.95148,-3.9515,-1.9515,-3.9515
-1.946,4.054,3.054,5.054,3.054
1.0594,0.059439,0.059439,10.059,7.0594
-3.9351,7.0649,-2.9351,0.06487,-1.9351
1.0703,-0.92972,-0.92972,-0.92972,6.0703
3.0757,-2.9243,-1.9243,3.0757,-3.9243
-4.919,-3.919,-5.919,-0.91895,-0.91895
-4.9136,-2.9136,-6.9136,0.086399,-0.9136
-1.9083,-2.9083,-1.9083,11.092,9.0917
-1.903,3.097,7.097,1.097,11.097
-1.8977,12.102,7.1023,-2.8977,-1.8977
-0.89239,-1.8924,0.10761,0.10761,1.1076
1.1129,8.1129,5.1129,-2.8871,-1.8871
2.1181,-2.8819,-2.8819,3.1181,0.1181
-1.8767,-4.8767,-1.8767,-2.8767,2.1233
-0.87149,-1.8715,-5.8715,-1.8715,-0.87149
-2.8663,-2.8663,3.1337,-2.8663,-1.8663
-2.8612,-2.8612,-0.86117,-2.8612,-0.86117
-4.856,-5.856,-4.856,1.144,0.14396
-2.8509,-0.85092,4.1491,10.149,4.1491
-1.8458,-4.8458,-1.8458,20.154,7.1542
-1.8408,-2.8408,-2.8408,-2.8408,-1.8408
-3.8357,-1.8357,-5.8357,-5.8357,-1.8357
-0.83069,7.1693,-2.8307,-2.8307,14.169
-1.8257,-3.8257,-2.8257,-2.8257,-1.8257
6.1793,-6.8207,-3.8207,-2.8207,9.1793
-2.8157,2.1843,-2.8157,-5.8157,1.1843
-2.8108,7.1892,8.1892,-3.8108,-0.8108
2.1941,-1.8059,-2.8059,1.1941,5.1941
-3.801,-3.801,24.199,0.19902,-4.801
2.2039,-2.7961,4.2039,2.2039,-1.7961
7.2087,-2.7913,-3.7913,1.2087,7.2087
-1.7864,-5.7864,5.2136,-2.7864,0.21358
-0.78162,8.2184,19.218,0.21838,7.2184
-2.7768,-1.7768,1.2232,0.22317,1.2232
0.22793,2.2279,-3.7721,-3.7721,1.2279
-1.7673,0.23268,-1.7673,-0.76732,0.23268
-2.7626,-6.7626,-2.7626,1.2374,2.2374
-2.7579,-3.7579,2.2421,-0.75791,-5.7579
-2.7532,1.2468,-1.7532,-2.7532,-2.7532
-0.74859,-3.7486,-0.74859,5.2514,6.2514
-1.744,-1.744,1.256,1.256,-1.744
-1.7394,0.26064,-7.7394,4.2606,-0.73936
-1.7348,-1.7348,2.2652,-1.7348,-1.7348
0.26978,-2.7302,-0.73022,0.26978,-1.7302
-0.72569,-2.7257,-2.7257,-2.7257,9.2743
-4.7212,-1.7212,9.2788,-2.7212,0.27882
-3.7167,1.2833,-3.7167,-2.7167,4.2833
-1.7122,-1.7122,-3.7122,-2.7122,-0.71223
1.2922,-4.7078,1.2922,-0.7078,-1.7078
-3.7034,-2.7034,-1.7034,8.2966,0.29662
-0.69899,-3.699,8.301,20.301,4.301
-5.6946,1.3054,-2.6946,-1.6946,0.30537
-3.6903,-1.6903,0.30971,3.3097,3.3097
-2.686,-1.686,0.31403,11.314,-2.686
2.3183,0.31832,-2.6817,-3.6817,0.31832
-2.6774,-3.6774,-2.6774,3.3226,2.3226
12.327,-1.6732,-0.67317,2.3268,-0.67317
-5.669,1.331,0.33104,-0.66896,2.331
1.3352,-3.6648,-5.6648,3.3352,0.33524
1.3394,2.3394,-2.6606,-2.6606,11.339
12.344,-4.6565,0.34354,0.34354,2.3435
1.3477,2.3477,4.3477,0.34766,-0.65234
-2.6483,-2.6483,-1.6483,-3.6483,-2.6483
3.3558,2.3558,-4.6442,-1.6442,20.356
-2.6401,12.36,-5.6401,-1.6401,-1.6401
0.36387,-3.6361,-0.63613,1.3639,-3.6361
-1.6321,-2.6321,-3.6321,1.3679,-7.6321
-2.6282,-1.6282,1.3718,-2.6282,-6.6282
-1.6243,4.3757,-1.6243,-3.6243,-1.6243
2.3797,-1.6203,-0.62034,-3.6203,5.3797
-1.6165,4.3835,1.3835,-1.6165,4.3835
-3.6126,1.3874,-0.6126,-2.6126,4.3874
-5.6088,-4.6088,-3.6088,-1.6088,-3.6088
3.395,-3.605,-1.605,-3.605,-2.605
-3.6012,-1.6012,-0.6012,3.3988,0.3988
-3.5974,-2.5974,6.4026,-1.5974,-1.5974
-3.5937,18.406,3.4063,1.4063,-0.59372
21.41,-0.59003,-4.59,-0.59003,-5.59
10.414,-0.58636,2.4136,0.41364,-3.5864
-2.5827,1.4173,2.4173,-2.5827,-5.5827
-3.5791,0.42089,-1.5791,-1.5791,-2.5791
-4.5755,0.42448,-1.5755,-0.57552,-3.5755
0.42803,4.428,-2.572,10.428,-3.572
10.432,-0.56844,-1.5684,-5.5684,-3.5684
-3.5649,-1.5649,-7.5649,0.43507,-4.5649
9.4385,4.4385,-3.5615,-3.5615,-2.5615
-5.558,0.44199,-5.558,-3.558,0.44199
9.4454,9.4454,0.44541,0.44541,3.4454
-2.5512,-1.5512,-0.5512,-2.5512,-0.5512
-1.5478,-0.54784,-3.5478,-3.5478,-2.5478
-0.54451,-0.54451,-0.54451,-1.5445,-1.5445
3.4588,0.45879,-1.5412,-0.54121,-2.5412
1.4621,-1.5379,-2.5379,-3.5379,-3.5379
0.46532,-2.5347,-1.5347,2.4653,-0.53468
-2.5315,0.46853,-5.5315,-0.53147,-2.5315
-4.5283,0.47172,-3.5283,-2.5283,1.4717
2.4749,-4.5251,-0.52512,-4.5251,-3.5251
-0.52199,5.478,10.478,-2.522,0.47801
0.48111,-3.5189,-2.5189,-1.5189,-0.51889
-0.51582,-2.5158,2.4842,1.4842,0.48418
-5.5128,2.4872,-2.5128,-0.51277,-3.5128
-1.5098,3.4902,7.4902,-1.5098,-2.5098
1.4932,-2.5068,2.4932,0.49322,7.4932
4.4962,-0.50383,4.4962,0.49617,-1.5038
-0.5009,-1.5009,-3.5009,-1.5009,2.4991
-1.498,0.50199,-2.498,0.50199,-3.498
-2.4951,21.505,-3.4951,-0.49515,-0.49515
-3.4923,3.5077,-0.49232,10.508,1.5077
-0.48952,2.5105,1.5105,-3.4895,-1.4895
0.51325,2.5133,-1.4867,-1.4867,0.51325
-0.48401,-2.484,-1.484,-2.484,-1.484
-3.4813,-2.4813,2.5187,-2.4813,4.5187
-3.4786,-3.4786,14.521,7.5214,-2.4786
-0.47597,-2.476,-2.476,-1.476,-3.476
-1.4734,-2.4734,5.5266,-1.4734,-0.47335
0.52923,-1.4708,4.5292,0.52923,5.5292
1.5318,0.53179,-0.46821,-2.4682,-2.4682
2.5343,0.53431,0.53431,0.53431,2.5343
-0.4632,-2.4632,-1.4632,-0.4632,2.5368
-4.4607,-0.46074,-0.46074,-4.4607,1.5393
-0.45831,-4.4583,-2.4583,-2.4583,0.54169
-0.45592,-0.45592,-2.4559,-3.4559,6.5441
-3.4536,-1.4536,-2.4536,-1.4536,-1.4536
-3.4512,10.549,-3.4512,-2.4512,-2.4512
-4.4489,-4.4489,-0.44892,8.5511,-3.4489
2.5533,8.5533,-2.4467,-4.4467,-2.4467
1.5556,-3.4444,-3.4444,-1.4444,2.5556
-1.4422,1.5578,-0.44221,-0.44221,-2.4422
0.55996,-1.44,-0.44004,7.56,-0.44004
-2.4379,-3.4379,10.562,4.5621,0.56209
8.5642,-1.4358,7.5642,-2.4358,1.5642
-2.4337,3.5663,-4.4337,2.5663,7.5663
0.56831,-0.43169,-2.4317,-0.43169,8.5683
3.5703,9.5703,-0.42968,-3.4297,0.57032
2.5723,-4.4277,-1.4277,-2.4277,-4.4277
6.5742,-1.4258,-4.4258,-2.4258,-1.4258
-1.4239,-4.4239,-1.4239,-6.4239,4.5761
-1.422,-0.42199,3.578,-1.422,3.578
1.5798,10.58,-2.4202,-0.42016,-1.4202
0.58165,-1.4184,-0.41835,-0.41835,4.5816
-0.41658,4.5834,-2.4166,-2.4166,1.5834
4.5852,0.58516,-2.4148,-0.41484,10.585
-2.4131,2.5869,-2.4131,-5.4131,-3.4131
-3.4115,-2.4115,-5.4115,-3.4115,-4.4115
-1.4098,-2.4098,-3.4098,0.59016,-2.4098
5.5918,-4.4082,-2.4082,0.59176,3.5918
-2.4067,-4.4067,0.59333,0.59333,-2.4067
-3.4051,2.5949,17.595,-1.4051,2.5949
-3.4036,2.5964,-0.40364,-6.4036,-0.40364
-1.4022,0.59782,-3.4022,-2.4022,-3.4022
2.5992,3.5992,1.5992,-2.4008,-5.4008
0.60064,-0.39936,-0.39936,-2.3994,1.6006
-0.39801,3.602,-4.398,-1.398,-2.398
-0.39669,8.6033,-0.39669,-6.3967,0.60331
-1.3954,3.6046,4.6046,1.6046,0.6046
-2.3942,-0.39415,-3.3942,-0.39415,-0.39415
3.6071,0.60706,7.6071,0.60706,3.6071
-1.3918,-0.39176,-2.3918,-2.3918,-2.3918
9.6094,0.60939,0.60939,2.6094,-1.3906
0.61049,-1.3895,1.6105,0.61049,-0.38951
0.61156,-0.38844,-2.3884,-1.3884,7.6116
-2.3874,-1.3874,1.6126,-2.3874,-2.3874
10.614,0.6136,-2.3864,5.6136,3.6136
-0.38544,-0.38544,-4.3854,3.6146,3.6146
-0.38451,-3.3845,-3.3845,2.6155,-1.3845
5.6164,-4.3836,11.616,6.6164,4.6164
7.6172,-2.3828,-2.3828,-1.3828,16.617
6.618,-2.382,-0.38195,-4.382,-2.382
-1.3812,-3.3812,-5.3812,-0.38117,-5.3812
13.62,-2.3804,-2.3804,0.61957,-4.3804
4.6203,-0.37973,8.6203,-2.3797,-1.3797
-1.3791,-4.3791,27.621,-3.3791,-0.37906
-0.37843,-3.3784,-3.3784,1.6216,-1.3784
-3.3778,-4.3778,0.62217,-0.37783,-2.3778
-2.3773,-4.3773,-6.3773,1.6227,-1.3773
-0.37676,-1.3768,-2.3768,-2.3768,-2.3768
-1.3763,-2.3763,-4.3763,5.6237,-2.3763
-0.37584,3.6242,-2.3758,3.6242,-1.3758
2.6246,-2.3754,8.6246,-3.3754,-1.3754
22.625,-2.3751,-1.3751,-3.3751,-2.3751
3.6253,-0.37474,1.6253,-2.3747,-1.3747
-0.37445,-0.37445,0.62555,10.626,-4.3744
21.626,2.6258,-4.3742,-0.37419,-2.3742
-0.37398,-4.374,-1.374,4.626,-1.374
3.6262,1.6262,0.62619,2.6262,-2.3738
-0.37367,0.62633,1.6263,3.6263,-2.3737
-2.3736,8.6264,-0.37357,-3.3736,-1.3736
-5.3735,-1.3735,-0.37351,-2.3735,1.6265
0.62651,-3.3735,-1.3735,-2.3735,-1.3735
-4.3735,-1.3735,0.6265,-2.3735,-2.3735
0.62647,0.62647,10.626,0.62647,0.62647
-2.3736,-5.3736,4.6264,-0.37359,-3.3736
3.6263,4.6263,1.6263,-3.3737,-3.3737
-1.3737,-1.3737,2.6263,-2.3737,-2.3737
-3.3739,0.62614,4.6261,-2.3739,4.6261
-2.374,-3.374,-4.374,2.626,-0.37399
1.6259,-3.3741,-2.3741,2.6259,9.6259
-3.3743,-0.37431,-3.3743,3.6257,-2.3743
0.62549,1.6255,-3.3745,0.62549,-2.3745
-2.3747,5.6253,-3.3747,-2.3747,-1.3747
6.625,5.625,-4.375,-6.375,-0.37495
-1.3752,-0.3752,-1.3752,-3.3752,-0.3752
-4.3755,-2.3755,5.6245,3.6245,1.6245
0.62424,-2.3758,-1.3758,5.6242,-1.3758
-2.3761,-3.3761,-1.3761,-3.3761,-2.3761
1.6236,-1.3764,9.6236,1.6236,-1.3764
0.62324,-3.3768,-4.3768,-4.3768,-5.3768
-3.3771,-3.3771,-3.3771,-0.37713,-0.37713
1.6225,-1.3775,-1.3775,-1.3775,5.6225
-2.3779,-2.3779,-0.37793,-1.3779,-1.3779
-2.3784,-3.3784,-3.3784,-1.3784,0.62164
3.6212,-0.3788,-1.3788,-4.3788,-2.3788
-1.3793,-3.3793,2.6207,-0.37927,3.6207
-5.3798,-3.3798,5.6202,1.6202,1.6202
-2.3803,-3.3803,4.6197,-1.3803,-3.3803
-4.3808,2.6192,-3.3808,19.619,-1.3808
0.61866,2.6187,-4.3813,9.6187,-2.3813
2.6181,-0.3819,-2.3819,0.6181,-2.3819
-0.38249,8.6175,-3.3825,6.6175,-1.3825
-5.3831,-0.38309,-2.3831,-1.3831,-2.3831
-1.3837,12.616,-2.3837,-0.38371,-3.3837
-2.3844,1.6156,-5.3844,1.6156,-0.38435
0.61499,-3.385,-3.385,1.615,1.615
1.6143,-1.3857,7.6143,-4.3857,4.6143
-4.3864,-2.3864,-3.3864,2.6136,-2.3864
-5.3871,4.6129,-1.3871,5.6129,-0.38711
-0.38784,-0.38784,-3.3878,-1.3878,9.6122
4.6114,-0.3886,-1.3886,18.611,-2.3886
-3.3894,5.6106,-1.3894,-4.3894,-0.38937
10.61,-4.3902,1.6098,-3.3902,-2.3902
1.609,-2.391,-4.391,-2.391,-5.391
-2.3918,0.6082,-3.3918,8.6082,-0.3918
-0.39265,-3.3927,-1.3927,-1.3927,-6.3927
-3.3935,-1.3935,2.6065,3.6065,-2.3935
-2.3944,-3.3944,3.6056,-0.39441,-1.3944
2.6047,-2.3953,-6.3953,-1.3953,-3.3953
-2.3962,-4.3962,-2.3962,-0.39623,1.6038
-1.3972,-1.3972,-0.39717,7.6028,5.6028
-5.3981,-2.3981,-1.3981,-1.3981,-1.3981
0.60089,-0.39911,-2.3991,-0.39911,1.6009
-0.40011,-2.4001,2.5999,-4.4001,6.5999
8.5989,-2.4011,-2.4011,-3.4011,3.5989
0.59785,-1.4022,-1.4022,-1.4022,-4.4022
6.5968,-2.4032,6.5968,-3.4032,-2.4032
-2.4043,-0.40427,1.5957,1.5957,0.59573
-3.4054,1.5946,6.5946,0.59464,-2.4054
1.5935,5.5935,-0.40646,2.5935,7.5935
3.5924,8.5924,-3.4076,0.59241,-1.4076
-4.4087,-1.4087,3.5913,-0.40873,2.5913
-2.4099,-2.4099,4.5901,8.5901,-2.4099
-0.41106,-2.4111,2.5889,-2.4111,-0.41106
-1.4123,-3.4123,-1.4123,-2.4123,-0.41226
-2.4135,1.5865,-1.4135,-0.41347,4.5865
1.5853,5.5853,-5.4147,-1.4147,0.5853
-3.4159,-2.4159,-3.4159,1.5841,6.5841
-0.41722,1.5828,-2.4172,1.5828,19.583
-1.4185,3.5815,-5.4185,-1.4185,-0.4185
0.5802,-1.4198,-5.4198,-3.4198,0.5802
-3.4211,-3.4211,-3.4211,-2.4211,1.5789
-1.4225,2.5775,-4.4225,-2.4225,6.5775
9.5762,1.5762,-3.4238,-2.4238,-0.42381
0.57482,-2.4252,-0.42518,-0.42518,3.5748
-2.4266,-2.4266,-3.4266,-3.4266,3.5734
-0.42797,-4.428,-5.428,-1.428,-0.42797
2.5706,-2.4294,-3.4294,-0.4294,-0.4294
-2.4308,-1.4308,-0.43084,-1.4308,7.5692
8.5677,3.5677,-6.4323,-1.4323,-0.4323
2.5662,-0.43377,-2.4338,-5.4338,1.5662
5.5647,3.5647,-1.4353,8.5647,1.5647
-3.4368,2.5632,-4.4368,-3.4368,-3.4368
3.5617,2.5617,-6.4383,6.5617,-3.4383
0.56016,-0.43984,-2.4398,2.5602,5.5602
6.5586,2.5586,-2.4414,-0.4414,7.5586
-2.443,-0.44298,0.55702,5.557,11.557
-1.4446,-3.4446,20.555,-3.4446,1.5554
-1.4462,-0.44618,1.5538,7.5538,-1.4462
1.5522,-3.4478,-5.4478,-2.4478,0.55219
-1.4495,1.5505,-2.4495,-6.4495,2.5505
-0.45112,-0.45112,-2.4511,-2.4511,0.54888
-1.4528,-2.4528,-4.4528,5.5472,9.5472
0.54551,-2.4545,-0.45449,-5.4545,-4.4545
0.5438,3.5438,4.5438,-1.4562,-1.4562
-1.4579,9.5421,-3.4579,-4.4579,-1.4579
-2.4597,-2.4597,-2.4597,-2.4597,-0.45968
-0.46144,0.53856,-5.4614,1.5386,-1.4614
-2.4632,-0.46322,-3.4632,1.5368,-0.46322
-2.465,-2.465,-5.465,-0.46501,0.53499
1.5332,-1.4668,-1.4668,8.5332,-1.4668
-4.4686,3.5314,-6.4686,-2.4686,2.5314
-3.4705,4.5295,-1.4705,0.52951,-1.4705
0.52765,-1.4724,-2.4724,-5.4724,-3.4724
2.5258,6.5258,-2.4742,-1.4742,0.52577
7.5239,10.524,-3.4761,-1.4761,0.52388
1.522,-1.478,1.522,-4.478,-2.478
1.5201,-1.4799,3.5201,-0.47995,0.52005
5.5181,-3.4819,-1.4819,0.51811,2.5181
-0.48385,5.5162,-5.4838,-1.4838,4.5162
-1.4858,-1.4858,0.51418,16.514,3.5142
-1.4878,-0.48781,-1.4878,0.51219,-1.4878
-4.4898,6.5102,0.51019,-2.4898,1.5102
-2.4918,-1.4918,-2.4918,-1.4918,0.50817
3.5061,-4.4939,-3.4939,-2.4939,-0.49387
-0.49592,9.5041,-5.4959,-2.4959,-2.4959
9.502,4.502,3.502,-1.498,-1.498
-1.5001,5.4999,5.4999,11.5,-0.50007
7.4978,3.4978,5.4978,0.49783,1.4978
-3.5043,1.4957,-6.5043,-2.5043,-0.50428
-2.5064,4.4936,-6.5064,-1.5064,0.49359
-1.5086,0.49144,-4.5086,-0.50856,0.49144
-1.5107,-0.51072,-3.5107,3.4893,-1.5107
1.4871,-1.5129,-3.5129,-3.5129,-2.5129
14.485,-2.5151,-1.5151,4.4849,-2.5151
-2.5173,0.48271,15.483,-4.5173,-1.5173
-2.5195,0.48049,-1.5195,-2.5195,-1.5195
0.47825,-1.5218,-1.5218,-0.52175,3.4782
-3.524,2.476,4.476,-1.524,0.47599
1.4737,-0.52627,-2.5263,-2.5263,0.47373
-2.5286,-3.5286,-1.5286,-1.5286,1.4714
-1.5309,-0.53086,-3.5309,0.46914,-1.5309
-0.53317,0.46683,-0.53317,-0.53317,9.4668
-3.5355,-3.5355,-4.5355,-1.5355,13.465
-2.5378,2.4622,-0.53784,-1.5378,-3.5378
-0.5402,4.4598,-2.5402,5.4598,-1.5402
-0.54257,-0.54257,-1.5426,4.4574,-0.54257
0.45504,-2.545,-1.545,-3.545,-0.54496
-3.5474,-0.54737,-5.5474,-0.54737,-3.5474
-1.5498,-2.5498,-3.5498,-1.5498,-0.54978
-2.5522,-0.55222,-3.5522,-4.5522,-4.5522
-3.5547,6.4453,-2.5547,-3.5547,14.445
0.44287,-4.5571,-2.5571,0.44287,2.4429
0.4404,-2.5596,-3.5596,-2.5596,-4.5596
-3.5621,0.43791,-2.5621,-1.5621,-4.5621
-0.5646,1.4354,-3.5646,-2.5646,3.4354
-2.5671,-3.5671,-0.56712,4.4329,-1.5671
0.43034,0.43034,7.4303,-2.5697,-3.5697
0.4278,-2.5722,-2.5722,-3.5722,-2.5722
3.4252,-1.5748,-2.5748,-2.5748,-2.5748
-0.57735,-4.5773,-2.5773,-4.5773,-2.5773
3.4201,-0.57994,2.4201,-2.5799,-2.5799
-2.5825,9.4175,-1.5825,-0.58255,5.4175
6.4148,-0.58517,-3.5852,4.4148,-1.5852
0.4122,-2.5878,1.4122,-2.5878,1.4122
3.4095,0.40955,4.4095,-1.5905,-1.5905
-2.5931,-2.5931,-3.5931,2.4069,-2.5931
-2.5958,1.4042,-3.5958,-2.5958,-2.5958
1.4015,-2.5985,-3.5985,-5.5985,9.4015
10.399,-4.6012,-3.6012,4.3988,5.3988
30.396,-2.6039,-5.6039,0.39609,1.3961
-1.6066,-3.6066,-0.60664,1.3934,17.393
-0.60939,-1.6094,4.3906,-0.60939,11.391
-2.6122,-3.6122,-0.61215,-1.6122,-1.6122
4.3851,-4.6149,-3.6149,5.3851,0.38508
-3.6177,8.3823,-0.61771,0.38229,-1.6177
-1.6205,-1.6205,-3.6205,-3.6205,6.3795
16.377,-0.62333,-3.6233,-2.6233,-3.6233
1.3738,0.37384,0.37384,-1.6262,9.3738
-3.629,-1.629,-3.629,-4.629,-1.629
0.36814,0.36814,-1.6319,2.3681,-1.6319
-4.6347,1.3653,-2.6347,-5.6347,-0.63473
-0.63761,0.36239,-0.63761,-1.6376,-0.63761
-3.6405,0.35949,-4.6405,-3.6405,11.359
13.357,-2.6434,-5.6434,0.35658,3.3566
-0.64635,0.35365,2.3537,2.3537,15.354
0.35072,-1.6493,-4.6493,-0.64928,-0.64928
3.3478,-2.6522,-2.6522,-2.6522,-2.6522
0.3448,5.3448,1.3448,3.3448,-4.6552
-4.6582,-0.65817,-1.6582,0.34183,-0.65817
-3.6612,0.33884,-0.66116,-2.6612,-5.6612
-5.6642,-0.66417,-1.6642,-1.6642,-2.6642
3.3328,2.3328,1.3328,-4.6672,-3.6672
-1.6702,-5.6702,-2.6702,-0.67021,-1.6702
5.3267,-4.6733,-1.6733,-4.6733,-2.6733
-1.6763,-2.6763,-0.67631,-2.6763,-2.6763
10.321,6.3206,-0.67937,-2.6794,0.32063
1.3175,6.3175,0.31755,0.31755,-0.68245
-4.6855,3.3145,-4.6855,-3.6855,0.31445
-0.68865,2.3113,-2.6887,-1.6887,2.3113
6.3082,2.3082,-3.6918,-1.6918,-1.6918
-0.6949,-4.6949,0.3051,-1.6949,-6.6949
-3.698,-3.698,5.302,-3.698,-2.698
14.299,4.2988,-4.7012,0.29879,13.299
8.2956,-1.7044,2.2956,-0.70437,-2.7044
-1.7076,-3.7076,4.2924,-1.7076,-3.7076
5.2892,-1.7108,-2.7108,3.2892,-3.7108
-1.714,-2.714,-3.714,-5.714,1.286
-1.7172,-2.7172,-1.7172,-3.7172,10.283
-1.7204,-1.7204,-2.7204,-1.7204,-5.7204
-0.72365,0.27635,1.2763,-2.7237,-3.7237
-3.7269,4.2731,0.27309,-3.7269,-1.7269
-1.7305,0.26955,-2.7305,3.2695,-5.7305
-2.7346,-3.7346,-3.7346,-1.7346,-0.73457
-3.7392,-2.7392,-0.73924,27.261,0.26076
2.2555,-0.74446,9.2555,-1.7445,-1.7445
-2.7502,-4.7502,3.2498,3.2498,-1.7502
1.2435,-1.7565,-3.7565,-2.7565,2.2435
6.2366,-0.76339,-5.7634,1.2366,-1.7634
4.2292,0.22924,-1.7708,-1.7708,4.2292
0.22134,-0.77866,1.2213,18.221,6.2213
4.2129,5.2129,-3.7871,0.21292,3.2129
-1.796,10.204,0.20399,-0.79601,0.20399
-2.8054,-1.8054,-3.8054,5.1946,-5.8054
-0.81538,1.1846,-0.81538,-3.8154,-4.8154
0.17419,10.174,-0.82581,0.17419,-3.8258
1.1633,1.1633,-3.8367,2.1633,-1.8367
4.1519,-0.84812,0.15188,-2.8481,-2.8481
-3.86,-1.86,6.14,-3.86,-2.86
-1.8723,-4.8723,5.1277,3.1277,-0.87235
6.1148,-2.8852,-1.8852,14.115,-0.88516
-5.8984,0.10157,-2.8984,-4.8984,0.10157
3.0878,0.087841,2.0878,-2.9122,-1.9122
11.074,2.0737,0.073669,0.073669,1.0737
-5.9409,-3.9409,-6.9409,2.0591,-0.94094
-2.956,-3.956,-0.95599,0.044006,-0.95599
-2.9715,-3.9715,1.0285,-3.9715,11.029
0.012625,-3.9874,-1.9874,8.0126,-2.9874
-4.0037,-0.0036957,-5.0037,-3.0037,-3.0037
-2.0204,-6.0204,12.98,-3.0204,-3.0204
-5.0376,-3.0376,1.9624,2.9624,-4.0376
-3.0551,-3.0551,-2.0551,0.94489,-2.0551
0.92696,-2.073,-2.073,-1.073,-4.073
-3.0914,-2.0914,3.9086,-3.0914,-0.091363
4.8899,1.8899,-3.1101,-0.11007,-0.11007
-2.1291,-3.1291,-3.1291,-3.1291,4.8709
-2.1486,-2.1486,-6.1486,-5.1486,11.851
-0.16842,-5.1684,-3.1684,-3.1684,-0.16842
-2.1886,-0.1886,-0.1886,-1.1886,0.8114
2.7909,-3.2091,-5.2091,14.791,-1.2091
-2.23,-2.23,-3.23,-1.23,-2.23
-4.2512,-0.25123,-5.2512,-2.2512,0.74877
-3.2728,10.727,1.7272,1.7272,-0.27278
0.70533,-3.2947,-5.2947,-2.2947,20.705
6.6831,0.68312,5.6831,-4.3169,-3.3169
-3.3394,-4.3394,-0.33941,-1.3394,-1.3394
-4.3622,-0.36225,-5.3622,-2.3622,4.6378
-0.38539,-2.3854,-5.3854,-4.3854,-5.3854
-3.4088,-3.4088,8.5912,0.59116,-3.4088
-1.4326,-5.4326,12.567,12.567,-2.4326
-3.4566,4.5434,6.5434,1.5434,4.5434
0.51907,-1.4809,-3.4809,0.51907,-0.48093
-4.5055,-5.5055,5.4945,-5.5055,-0.50552
-0.53038,2.4696,-3.5304,-2.5304,15.47
-2.5555,-2.5555,-2.5555,4.4445,0.44449
-4.5809,12.419,1.4191,5.4191,4.4191
-3.6065,-2.6065,-2.6065,-0.60654,0.39346
-1.6324,-3.6324,-4.6324,0.36757,8.3676
2.3414,3.3414,-6.6586,2.3414,-2.6586
5.3151,-4.6849,8.3151,0.31508,3.3151
-0.71152,-2.7115,-3.7115,-2.7115,0.28848
-3.7383,4.2617,-4.7383,-0.73834,7.2617
4.2346,-3.7654,-1.7654,-4.7654,0.23462
-1.7926,-3.7926,-5.7926,5.2074,-4.7926
-2.8201,-2.8201,-4.8201,-1.8201,2.1799
-0.84775,-2.8478,-3.8478,-3.8478,1.1522
1.1244,-2.8756,-5.8756,7.1244,6.1244
2.0963,-2.9037,-3.9037,-0.90365,9.0963
-1.9319,-1.9319,-0.93188,-1.9319,-6.9319
-1.9603,0.039719,11.04,0.039719,5.0397
-2.9889,13.011,-0.98886,2.0111,0.011143
-5.0176,-3.0176,-5.0176,-0.017598,-5.0176
0.9535,1.9535,-4.0465,8.9535,5.9535
-3.0756,2.9244,-3.0756,0.92445,0.92445
0.89524,-4.1048,-4.1048,4.8952,-0.10476
0.8659,-3.1341,-7.1341,3.8659,-3.1341
8.8364,-3.1636,1.8364,2.8364,-4.1636
-3.1932,-6.1932,-7.1932,0.80681,12.807
-5.2229,0.77707,-1.2229,1.7771,-7.2229
-0.25279,-1.2528,-5.2528,-2.2528,-2.2528
3.7172,-2.2828,-3.2828,-1.2828,-3.2828
-2.3128,4.6872,5.6872,7.6872,-5.3128
-4.343,1.657,-2.343,1.657,1.657
-4.3733,3.6267,-5.3733,4.6267,15.627
-4.4036,-0.40364,2.5964,-1.4036,2.5964
-5.4341,-5.4341,5.5659,-3.4341,-4.4341
-0.4646,-6.4646,-5.4646,-0.4646,-1.4646
11.505,-6.4952,13.505,10.505,-2.4952
-3.5259,3.4741,-6.5259,4.4741,10.474
-5.5566,-4.5566,0.44343,-6.5566,-2.5566
-3.5873,-4.5873,-4.5873,-4.5873,-4.5873
-4.6182,-4.6182,-0.61816,-4.6182,-1.6182
0.35097,-6.649,-6.649,-4.649,-2.649
-3.6799,-0.67993,-5.6799,-4.6799,-0.67993
3.2891,-2.7109,-1.7109,-3.7109,-1.7109
1.2582,4.2582,-5.7418,-5.7418,-4.7418
3.2272,-2.7728,-5.7728,-0.77279,-3.7728
-0.80378,-1.8038,-4.8038,2.1962,-3.8038
16.165,-0.83477,-1.8348,-1.8348,-4.8348
-2.8658,10.134,-1.8658,-2.8658,-2.8658
4.1032,-2.8968,-6.8968,-4.8968,-0.89676
5.0723,-4.9277,-5.9277,-5.9277,-5.9277
-5.9587,4.0413,-3.9587,1.0413,5.0413
-3.9896,1.0104,-1.9896,-0.98964,-1.9896
0.97944,-0.020559,-6.0206,-5.0206,1.9794
-6.0514,-2.0514,-4.0514,1.9486,-4.0514
-1.0823,-5.0823,-3.0823,-3.0823,-5.0823
-2.1131,1.8869,-6.1131,3.8869,2.8869
-6.1438,-7.1438,-2.1438,-1.1438,-7.1438
-1.1745,-6.1745,1.8255,-6.1745,-1.1745
4.7949,9.7949,6.7949,-7.2051,-0.20513
3.7643,-4.2357,-4.2357,-5.2357,-2.2357
19.734,2.7338,-3.2662,6.7338,-6.2662
11.703,-4.2966,-5.2966,4.7034,4.7034
-4.3269,-1.3269,-5.3269,-4.3269,-5.3269
-2.3571,-1.3571,2.6429,-4.3571,-6.3571
-7.3872,-2.3872,3.6128,-2.3872,0.61279
-1.4172,-3.4172,2.5828,1.5828,-2.4172
-1.4471,-2.4471,-5.4471,9.5529,-7.4471
-5.4769,-5.4769,-6.4769,-4.4769,-3.4769
-6.5066,-1.5066,-3.5066,-6.5066,4.4934
1.4639,-6.5361,-5.5361,-4.5361,14.464
2.4345,-5.5655,-4.5655,-5.5655,-3.5655
-5.5948,-2.5948,2.4052,-3.5948,-3.5948
-3.6239,-2.6239,3.3761,-4.6239,2.3761
-4.6529,7.3471,1.3471,-6.6529,-7.6529
-5.6817,-6.6817,12.318,1.3183,-5.6817
-2.7103,-5.7103,-3.7103,-7.7103,-0.71035
-7.7388,-2.7388,-4.7388,4.2612,-1.7388
20.233,0.23287,-4.7671,5.2329,-4.7671
-5.7953,-0.79526,-5.7953,13.205,-7.7953
-0.8232,-1.8232,0.1768,-1.8232,-6.8232
-7.8509,6.1491,-0.85095,0.14905,2.1491
-5.8785,-2.8785,-7.8785,-3.8785,12.122
-3.9058,-3.9058,-2.9058,-2.9058,-4.9058
2.067,-3.933,-2.933,-6.933,-1.933
-5.9599,1.0401,-2.9599,-7.9599,-5.9599
13.013,-4.9866,2.0134,-7.9866,-6.9866
1.9869,-4.0131,-5.0131,-5.0131,-0.013055
-6.0393,-6.0393,0.96071,6.9607,-4.0393
-0.065286,-4.0653,-3.0653,-6.0653,1.9347
-5.091,-0.091037,-1.091,0.90896,-4.091
-1.1165,1.8835,-6.1165,-3.1165,-6.1165
-1.1418,1.8582,-8.1418,-5.1418,-3.1418
-3.1668,14.833,-9.1668,2.8332,-2.1668
-3.1915,-7.1915,0.80853,-3.1915,-6.1915
-3.2159,-3.2159,-5.2159,-3.2159,-7.2159
-4.2401,-0.24007,-5.2401,-1.2401,-7.2401
0.73606,-7.2639,2.7361,-5.2639,-7.2639
2.7125,6.7125,-3.2875,0.71249,-6.2875
-4.3108,-3.3108,-7.3108,4.6892,-5.3108
-4.3338,3.6662,-6.3338,-5.3338,-3.3338
-2.3564,0.64356,-2.3564,-4.3564,-2.3564
2.6212,1.6212,-6.3788,-3.3788,-6.3788
1.5992,-0.40082,-7.4008,-1.4008,-6.4008
-6.4225,1.5775,-1.4225,-5.4225,-0.42252
-8.4439,-0.44389,-4.4439,-4.4439,1.5561
-3.4649,-4.4649,-1.4649,-7.4649,0.53508
-6.4856,-3.4856,-7.4856,-2.4856,-3.4856
1.4941,-6.5059,-6.5059,-5.5059,5.4941
0.47409,-2.5259,-7.5259,-2.5259,0.47409
1.4545,-8.5455,-5.5455,15.454,1.4545
-4.5648,-1.5648,-6.5648,-7.5648,1.4352
-5.5836,-5.5836,-5.5836,4.4164,-1.5836
-6.6021,0.39786,3.3979,1.3979,-8.6021
-1.6202,2.3798,-2.6202,16.38,-2.6202
3.362,-2.638,-4.638,-0.63796,-3.638
-5.6553,-6.6553,-4.6553,-5.6553,-7.6553
-6.6722,-6.6722,1.3278,12.328,-3.6722
-3.6887,-5.6887,-3.6887,-3.6887,1.3113
14.295,-2.7048,-3.7048,5.2952,-4.7048
-7.7204,7.2796,5.2796,-3.7204,-0.72045
-2.7357,7.2643,-3.7357,-4.7357,-4.7357
-4.7505,-2.7505,-6.7505,4.2495,6.2495
0.23514,-4.7649,-1.7649,5.2351,-4.7649
-4.7788,1.2212,-4.7788,5.2212,-1.7788
1.2077,10.208,-5.7923,9.2077,-8.7923
-2.8053,-5.8053,15.195,-4.8053,1.1947
5.1822,-6.8178,2.1822,-1.8178,-3.8178
-4.8299,-0.82991,-4.8299,-2.8299,1.1701
-7.8415,-3.8415,-0.84152,-4.8415,-6.8415
3.1473,4.1473,-8.8527,-1.8527,-1.8527
-5.8633,1.1367,-3.8633,-5.8633,-3.8633
4.1265,23.127,-6.8735,8.1265,-5.8735
-3.8831,-2.8831,-8.8831,-5.8831,11.117
-4.8923,16.108,-2.8923,-5.8923,-4.8923
-2.9009,1.0991,-2.9009,9.0991,-1.9009
6.091,8.091,10.091,3.091,-3.909
-0.91664,11.083,-6.9166,10.083,-3.9166
-0.92372,2.0763,5.0763,0.076276,-3.9237
8.0697,-7.9303,-8.9303,-2.9303,23.07
-4.9363,9.0637,-8.9363,12.064,-4.9363
-1.9417,3.0583,-5.9417,18.058,-1.9417
-4.9467,4.0533,14.053,-5.9467,8.0533
-3.951,0.04898,-2.951,-6.951,13.049
1.0452,-5.9548,3.0452,-7.9548,4.0452
-0.95804,6.042,7.042,5.042,8.042
6.0393,-2.9607,3.0393,-3.9607,-2.9607
13.037,-2.9628,-7.9628,1.0372,13.037
26.036,-6.9643,-6.9643,20.036,2.0357
-5.9652,3.0348,8.0348,9.0348,-2.9652
9.0345,15.035,3.0345,-3.9655,0.034538
-8.9654,23.035,-4.9654,2.0346,1.0346
-3.9651,1.0349,-7.9651,8.0349,1.0349
11.035,-1.9646,4.0354,-0.96458,2.0354
-5.9639,20.036,-1.9639,1.0361,7.0361
6.037,25.037,11.037,16.037,3.037
25.038,5.038,9.038,19.038,25.038
14.039,12.039,-6.9607,9.0393,7.0393
-4.9593,13.041,2.0407,5.0407,4.0407
7.0423,21.042,-5.9577,-1.9577,13.042
6.0441,-1.9559,7.0441,6.0441,16.044
2.0461,3.0461,5.0461,13.046,-2.9539
-3.9518,18.048,7.0482,9.0482,30.048
13.051,31.051,10.051,-1.9494,-2.9494
1.0531,15.053,5.0531,-1.9469,13.053
15.056,7.0558,17.056,11.056,5.0558
-4.9414,2.0586,7.0586,7.0586,11.059
9.0616,0.061621,3.0616,15.062,14.062
19.065,3.0648,7.0648,7.0648,7.0648
5.0682,-0.93184,14.068,38.068,11.068
17.072,-5.9283,5.0717,-4.9283,5.0717
-2.9246,-4.9246,8.0754,5.0754,20.075
9.0792,1.0792,7.0792,12.079,29.079
10.083,16.083,20.083,1.0832,11.083
2.0874,18.087,6.0874,22.087,2.0874
13.092,-4.9083,10.092,15.092,19.092
3.0961,2.0961,19.096,30.096,12.096
25.101,5.1008,9.1008,43.101,28.101
8.1055,20.106,28.106,27.106,5.1055
17.11,24.11,49.11,18.11,20.11
23.116,56.116,16.116,22.116,28.116
43.121,44.121,51.121,25.121,34.121
58.126,61.126,60.126,40.126,38.126
58.132,29.132,60.132,38.132,53.132
49.137,61.137,41.137,36.137,20.137
41.143,45.143,44.143,33.143,50.143
40.149,61.149,33.149,29.149,32.149
17.155,32.155,18.155,83.155,45.155
17.161,51.161,19.161,27.161,45.161
24.168,29.168,19.168,18.168,43.168
29.174,25.174,9.174,37.174,41.174
8.1805,24.181,5.1805,3.1805,20.181
15.187,22.187,12.187,9.1872,9.1872
45.194,13.194,12.194,36.194,11.194
36.201,15.201,17.201,29.201,23.201
51.208,8.2081,3.2081,16.208,24.208
5.2153,18.215,2.2153,2.2153,-5.7847
10.223,11.223,8.2226,20.223,22.223
15.23,21.23,16.23,28.23,9.23
23.238,21.238,20.238,36.238,4.2376
14.245,16.245,3.2452,23.245,11.245
25.253,15.253,21.253,21.253,7.253
10.261,18.261,16.261,0.26086,24.261
25.269,13.269,1.2688,41.269,12.269
23.277,25.277,54.277,37.277,37.277
44.285,17.285,11.285,10.285,11.285
2.2934,5.2934,6.2934,2.2934,28.293
24.302,11.302,8.3018,11.302,8.3018
11.31,0.31033,25.31,17.31,3.3103
37.319,12.319,8.3189,28.319,2.3189
21.328,29.328,9.3276,19.328,23.328
-4.6636,34.336,16.336,31.336,10.336
20.345,40.345,19.345,18.345,22.345
37.354,17.354,26.354,18.354,18.354
15.363,41.363,3.3633,12.363,9.3633
23.372,21.372,22.372,57.372,60.372
10.382,26.382,-0.61831,33.382,27.382
34.391,28.391,23.391,19.391,12.391
4.4004,0.4004,1.4004,15.4,5.4004
16.41,51.41,23.41,30.41,36.41
4.4194,39.419,41.419,6.4194,11.419
19.429,43.429,39.429,22.429,15.429
15.439,19.439,39.439,28.439,31.439
1.4486,2.4486,19.449,13.449,46.449
13.458,5.4584,20.458,39.458,7.4584
24.468,13.468,26.468,30.468,6.4683
27.478,-3.5217,15.478,39.478,4.4783
3.4884,22.488,20.488,17.488,3.4884
20.499,25.499,27.499,-2.5015,11.499
-2.4913,10.509,6.5087,-1.4913,8.5087
34.519,7.519,3.519,36.519,7.519
5.5293,3.5293,5.5293,5.5293,9.5293
-1.4604,27.54,4.5396,7.5396,2.5396
1.5501,21.55,27.55,-2.4499,53.55
20.561,4.5605,3.5605,14.561,8.5605
1.5711,14.571,1.5711,7.5711,21.571
14.582,40.582,-1.4183,12.582,4.5817
6.5923,13.592,26.592,1.5923,36.592
25.603,8.603,-7.397,1.603,4.603
10.614,12.614,35.614,-0.38631,18.614
30.624,5.6245,8.6245,14.624,5.6245
3.6353,19.635,0.63528,4.6353,31.635
16.646,12.646,1.6461,9.6461,28.646
25.657,17.657,39.657,20.657,-4.343
27.668,7.668,15.668,23.668,16.668
-0.32108,14.679,-0.32108,13.679,17.679
5.6899,-1.3101,25.69,3.6899,11.69
16.701,4.701,8.701,0.70096,4.701
12.712,1.712,15.712,4.712,-0.28798
-0.27688,22.723,-6.2769,9.7231,4.7231
14.734,10.734,4.7342,18.734,1.7342
7.7454,25.745,0.74538,9.7454,1.7454
7.7566,2.7566,8.7566,3.7566,16.757
34.768,13.768,8.7677,-1.2323,-1.2323
-3.221,34.779,-1.221,4.779,5.779
5.7902,-3.2098,6.7902,5.7902,32.79
6.8014,23.801,5.8014,44.801,4.8014
3.8127,1.8127,8.8127,3.8127,13.813
14.824,22.824,-3.176,-0.17602,4.824
-3.1647,17.835,1.8353,-5.1647,15.835
-3.1534,32.847,3.8466,9.8466,-6.1534
9.8579,3.8579,14.858,-3.1421,20.858
-1.1308,10.869,11.869,-2.1308,14.869
0.8805,1.8805,10.881,-0.1195,12.881
16.892,0.89182,16.892,2.8918,13.892
-1.0969,0.90315,-7.0969,44.903,-0.096853
17.914,4.9145,24.914,10.914,3.9145
2.9258,5.9258,16.926,18.926,11.926
-1.0629,13.937,33.937,0.93711,25.937
1.9484,33.948,-3.0516,26.948,35.948
16.96,-0.040275,-5.0403,5.9597,-0.040275
-1.029,-2.029,16.971,15.971,-3.029
-4.0177,18.982,17.982,-1.0177,8.9823
13.994,6.9936,20.994,-2.0064,8.9936
-5.9952,6.0048,10.005,3.0048,2.0048
17.016,3.0161,-4.9839,10.016,7.0161
-4.9727,4.0273,12.027,-1.9727,1.0273
2.0385,13.039,-4.9615,-3.9615,5.0385
2.0497,13.05,20.05,14.05,21.05
11.061,-1.9391,12.061,3.0609,15.061
4.072,-6.928,-3.928,4.072,7.072
1.0831,3.0831,6.0831,9.0831,6.0831
10.094,4.0942,-3.9058,3.0942,-4.9058
2.1053,-3.8947,7.1053,19.105,8.1053
4.1163,14.116,-2.8837,9.1163,-4.8837
18.127,10.127,2.1273,10.127,-0.87272
2.1382,-1.8618,-0.86176,-3.8618,8.1382
11.149,-1.8508,3.1492,27.149,-2.8508
3.16,-1.84,35.16,-0.83996,-5.84
-2.8291,18.171,3.1709,13.171,11.171
-3.8183,-0.81831,9.1817,9.1817,9.1817
8.1924,6.1924,27.192,4.1924,-1.8076
7.2032,10.203,1.2032,8.2032,-5.7968
-1.7862,-7.7862,-6.7862,9.2138,-4.7862
-2.7755,-3.7755,-4.7755,10.224,-2.7755
-2.765,1.235,-7.765,-5.765,-2.765
18.246,10.246,-6.7545,-5.7545,8.2455
-4.744,5.256,-3.744,-2.744,-1.744
-2.7336,-4.7336,19.266,21.266,4.2664
11.277,9.2768,-6.7232,-0.72323,2.2768
9.2871,15.287,1.2871,6.2871,3.2871
4.2973,8.2973,-3.7027,-0.7027,9.2973
16.307,-2.6925,-1.6925,-0.69253,10.307
1.3176,-0.68242,21.318,-4.6824,-5.6824
24.328,-3.6724,-5.6724,3.3276,20.328
6.3376,0.33759,-3.6624,2.3376,15.338
0.3475,3.3475,-5.6525,10.348,18.348
-2.6427,9.3573,4.3573,-5.6427,2.3573
-0.6329,2.3671,10.367,-2.6329,24.367
-5.6232,-3.6232,2.3768,16.377,-4.6232
-3.6136,3.3864,-1.6136,-5.6136,-2.6136
1.3959,9.3959,0.39594,-1.6041,-3.6041
6.4054,-1.5946,2.4054,18.405,-1.5946
-1.5852,2.4148,-3.5852,-0.58523,2.4148
-1.5759,8.4241,-2.5759,-7.5759,18.424
1.4333,1.4333,-5.5667,-0.56672,-2.5667
-5.5576,3.4424,-3.5576,2.4424,13.442
-6.5486,5.4514,16.451,-1.5486,0.45144
2.4604,4.4604,6.4604,1.4604,-0.53962
1.4692,13.469,6.4692,-4.5308,0.46924
9.478,-3.522,36.478,2.478,4.478
15.487,8.4867,3.4867,5.4867,-3.5133
13.495,-5.5048,-6.5048,21.495,-3.5048
47.504,0.50371,-7.4963,-5.4963,-1.4963
7.5121,1.5121,-2.4879,-7.4879,25.512
10.52,-2.4796,5.5204,2.5204,1.5204
6.5285,-7.4715,-2.4715,10.529,0.52853
-5.4634,-3.4634,-7.4634,1.5366,5.5366
-1.4555,-5.4555,12.545,-0.45545,-7.4555
-0.4476,4.5524,1.5524,34.552,-5.4476
7.5601,-0.43986,-0.43986,-0.43986,-2.4399
5.5678,-5.4322,-3.4322,11.568,-4.4322
4.5753,3.5753,2.5753,4.5753,-3.4247
-1.4173,-4.4173,-6.4173,-0.41732,-4.4173
8.59,6.59,0.58996,-1.41,4.59
23.597,1.5971,-3.4029,10.597,-3.4029
1.6042,-4.3958,-6.3958,0.60416,-1.3958
1.6111,-2.3889,13.611,6.6111,7.6111
-2.3821,-2.3821,1.6179,14.618,3.6179
2.6245,-6.3755,-5.3755,-3.3755,-0.37545
2.6311,-5.3689,-4.3689,6.6311,7.6311
0.63751,-5.3625,-7.3625,-5.3625,8.6375
-1.3562,2.6438,1.6438,-4.3562,10.644
-2.3501,5.6499,-5.3501,10.65,0.64994
-3.344,8.656,-6.344,4.656,-7.344
-5.3382,7.6618,-6.3382,0.66184,-2.3382
0.66759,-4.3324,3.6676,-0.33241,1.6676
-5.3268,-4.3268,-2.3268,-4.3268,-3.3268
-2.3213,-3.3213,-2.3213,-5.3213,-1.3213
9.684,-4.316,-5.316,0.68398,8.684
-5.3108,1.6892,-3.3108,4.6892,3.6892
-2.3057,-4.3057,6.6943,-2.3057,0.69425
-5.3007,11.699,-5.3007,-4.3007,-4.3007
-1.2956,-3.2956,-6.2956,-5.2956,7.7044
-2.2906,-6.2906,-2.2906,-0.29058,-5.2906
-5.2856,-3.2856,3.7144,9.7144,-1.2856
0.71943,-2.2806,-1.2806,2.7194,4.7194
-5.2756,-6.2756,5.7244,4.7244,-3.2756
-2.2706,-4.2706,-3.2706,-1.2706,-6.2706
-5.2657,-10.266,11.734,17.734,-5.2657
0.73923,-6.2608,7.7392,-6.2608,1.7392
4.7441,-3.2559,-2.2559,-1.2559,-4.2559
-1.251,-6.251,-3.251,-2.251,12.749
-5.2461,6.7539,-6.2461,4.7539,-2.2461
-3.2413,-3.2413,-2.2413,10.759,-1.2413
-7.2365,-3.2365,-6.2365,-3.2365,-2.2365
-4.2316,2.7684,-6.2316,-0.23164,-4.2316
-4.2269,-6.2269,-5.2269,-3.2269,14.773
-4.2221,0.77792,-8.2221,-8.2221,7.7779
3.7827,-5.2173,2.7827,-4.2173,-7.2173
-0.21259,1.7874,-6.2126,-3.2126,-5.2126
-2.2079,-1.2079,1.7921,-8.2079,-5.2079
5.7968,3.7968,-8.2032,-5.2032,-2.2032
-3.1985,-2.1985,0.80151,-2.1985,1.8015
-4.1938,-4.1938,0.80617,0.80617,-4.1938
-4.1892,1.8108,-3.1892,-6.1892,-7.1892
-4.1846,1.8154,-5.1846,-3.1846,6.8154
-3.1799,-3.1799,-2.1799,-6.1799,-1.1799
-2.1754,-4.1754,-3.1754,1.8246,2.8246
-6.1708,-3.1708,6.8292,-6.1708,-3.1708
-1.1662,-5.1662,1.8338,10.834,-4.1662
14.838,0.83832,-6.1617,-1.1617,-6.1617
-4.1572,-0.15715,-0.15715,-0.15715,-3.1572
6.8474,-1.1526,-5.1526,16.847,10.847
-7.1482,-2.1482,-1.1482,-3.1482,-3.1482
-4.1437,-5.1437,-5.1437,-6.1437,-6.1437
-4.1392,-7.1392,-6.1392,-1.1392,-5.1392
1.8652,-3.1348,-7.1348,-4.1348,-0.13479
-5.1304,-4.1304,-6.1304,-5.1304,-4.1304
-1.126,-4.126,2.874,-0.12596,-1.126
-3.1216,-0.12157,-4.1216,-6.1216,0.87843
-3.1172,13.883,-3.1172,-3.1172,2.8828
6.8872,-4.1128,-5.1128,6.8872,4.8872
2.8915,-6.1085,-6.1085,-6.1085,-4.1085
-6.1042,-4.1042,-5.1042,-3.1042,-0.10417
1.9001,-3.0999,-2.0999,-5.0999,7.9001
-0.095566,0.90443,-5.0956,-4.0956,-0.095566
-1.0913,0.90871,-2.0913,-5.0913,-2.0913
-5.087,-5.087,-4.087,-7.087,-5.087
-4.0828,-4.0828,-5.0828,-2.0828,0.91722
-3.0786,5.9214,-0.078552,-6.0786,-5.0786
-5.0743,2.9257,5.9257,-8.0743,-5.0743
-6.0701,6.9299,6.9299,-6.0701,1.9299
2.934,-7.066,-3.066,-5.066,-6.066
-5.0618,-5.0618,-7.0618,-1.0618,-3.0618
-3.0576,-5.0576,-2.0576,-5.0576,-3.0576
-4.0535,-3.0535,-4.0535,-3.0535,0.94651
-8.0494,-4.0494,17.951,8.9506,4.9506
-7.0453,-5.0453,-3.0453,3.9547,-1.0453
-6.0412,-6.0412,0.95883,-1.0412,-5.0412
5.9629,-3.0371,8.9629,-3.0371,3.9629
-1.033,-4.033,-4.033,-2.033,9.967
17.971,6.971,-7.029,-3.029,3.971
-6.0249,3.9751,-7.0249,16.975,4.9751
-9.0209,6.9791,-0.020923,-2.0209,-5.0209
-4.0169,9.9831,-8.0169,-3.0169,-4.0169
-5.0129,16.987,0.98707,-0.012926,-5.0129
-5.0089,1.9911,-3.0089,-1.0089,-5.0089
-6.005,-5.005,2.995,-5.005,-3.005
-7.001,-5.001,-3.001,-1.001,-6.001
5.0029,2.0029,-2.9971,-3.9971,7.0029
0.0068209,-5.9932,-4.9932,-2.9932,-2.9932
-2.9893,1.0107,-3.9893,4.0107,-4.9893
-3.9854,-3.9854,0.014623,-1.9854,-2.9854
-2.9815,-2.9815,9.0185,-4.9815,0.018503
-0.97763,-3.9776,-8.9776,-0.97763,-0.97763
-2.9738,9.0262,-3.9738,-2.9738,-6.9738
15.03,-1.9699,-4.9699,-0.96994,8.0301
-4.9661,6.0339,5.0339,-4.9661,4.0339
-7.9623,-5.9623,-2.9623,-0.9623,-2.9623
-6.9585,-0.9585,-4.9585,-4.9585,-3.9585
-3.9547,-5.9547,4.0453,-5.9547,-1.9547
-0.95093,-4.9509,-7.9509,-4.9509,-4.9509
-0.94717,2.0528,-5.9472,-4.9472,-0.94717
5.0566,-0.94342,4.0566,18.057,-8.9434
-2.9397,-4.9397,-6.9397,-2.9397,-4.9397
-3.936,5.064,-4.936,0.064038,-2.936
-1.9323,-4.9323,-0.93225,-1.9323,-2.9323
-1.9286,5.0714,-5.9286,-1.9286,3.0714
2.0751,-2.9249,4.0751,-5.9249,-3.9249
-3.9212,-4.9212,7.0788,6.0788,-5.9212
2.0825,-2.9175,18.082,-3.9175,-1.9175
1.0861,-4.9139,1.0861,2.0861,-4.9139
-1.9102,-5.9102,2.0898,-1.9102,-3.9102
-2.9066,-4.9066,-4.9066,-1.9066,6.0934
-3.903,-3.903,9.097,-1.903,-2.903
0.1006,-0.8994,-1.8994,-0.8994,-4.8994
-3.8958,-6.8958,-2.8958,-3.8958,-6.8958
1.1078,-1.8922,6.1078,-6.8922,-0.89223
25.111,-4.8887,-5.8887,-4.8887,-0.88866
3.1149,-6.8851,2.1149,1.1149,-1.8851
-1.8816,-3.8816,-1.8816,-4.8816,-5.8816
-4.878,-0.87803,-7.878,1.122,-5.878
-6.8745,-3.8745,-1.8745,-1.8745,-4.8745
-3.871,-3.871,-5.871,1.129,3.129
-4.8675,-5.8675,-4.8675,-7.8675,-4.8675
2.136,-4.864,-1.864,-5.864,-5.864
-3.8605,-4.8605,5.1395,-5.8605,4.1395
4.1429,-4.8571,-5.8571,2.1429,8.1429
-4.8536,-1.8536,-4.8536,-6.8536,24.146
-1.8502,-4.8502,-4.8502,-5.8502,-4.8502
-1.8467,-0.84672,2.1533,-5.8467,-1.8467
1.1567,2.1567,-5.8433,-6.8433,-1.8433
-0.83987,-3.8399,-4.8399,-3.8399,13.16
8.1635,2.1635,-5.8365,31.164,-3.8365
-3.8331,0.16693,-3.8331,-6.8331,-3.8331
-1.8297,15.17,-1.8297,0.17031,-2.8297
-1.8263,-0.82631,-6.8263,-4.8263,0.17369
-2.8229,3.1771,-4.8229,5.1771,-1.8229
-5.8196,-5.8196,0.18041,-8.8196,-6.8196
-3.8162,-3.8162,-6.8162,-2.8162,-1.8162
-5.8129,-4.8129,3.1871,0.18709,10.187
-4.8096,-3.8096,3.1904,10.19,-0.80959
0.19373,1.1937,-3.8063,-5.8063,-4.8063
-6.803,-2.803,-3.803,-5.803,-6.803
-3.7997,2.2003,-5.7997,-4.7997,-4.7997
-5.7964,-3.7964,-3.7964,-5.7964,4.2036
-2.7931,5.2069,-2.7931,-0.79309,-2.7931
-4.7898,-1.7898,-1.7898,0.21018,11.21
-4.7866,0.21344,6.2134,-5.7866,0.21344
-0.78331,-2.7833,1.2167,-5.7833,-2.7833
-2.7801,-4.7801,-2.7801,-7.7801,-0.78007
-2.7768,-0.77683,1.2232,-4.7768,-3.7768
3.2264,-1.7736,-6.7736,-4.7736,4.2264
9.2296,0.22962,-4.7704,-6.7704,0.22962
-7.7672,0.23282,-5.7672,-2.7672,-2.7672
-5.764,0.23603,-6.764,-0.76397,0.23603
-2.7608,-1.7608,-3.7608,-6.7608,9.2392
-2.7576,-5.7576,-4.7576,-3.7576,8.2424
12.246,0.24558,-4.7544,-3.7544,-1.7544
2.2487,0.24875,10.249,-4.7513,-1.7513
2.2519,1.2519,-3.7481,-8.7481,-5.7481
-0.74494,1.2551,-5.7449,-7.7449,-1.7449
-2.7418,1.2582,-6.7418,0.25821,-5.7418
4.2613,-1.7387,-5.7387,-1.7387,-0.73866
-2.7355,-4.7355,-2.7355,-2.7355,-3.7355
-1.7324,-1.7324,-1.7324,-3.7324,-1.7324
-4.7293,19.271,8.2707,-3.7293,2.2707
5.2738,-2.7262,-1.7262,1.2738,-5.7262
-3.7231,-4.7231,-3.7231,-6.7231,0.27692
-1.72,-1.72,0.28001,8.28,7.28
-1.7169,-4.7169,-7.7169,-4.7169,-1.7169
-3.7138,-4.7138,-6.7138,-1.7138,4.2862
0.28925,-4.7108,2.2892,-5.7108,-5.7108
-2.7077,-4.7077,-7.7077,-4.7077,-1.7077
0.29537,-0.70463,6.2954,-1.7046,-6.7046
-2.7016,1.2984,-0.70158,-5.7016,-4.7016
-3.6985,5.3015,-4.6985,-3.6985,-8.6985
-0.6955,-3.6955,-2.6955,-2.6955,1.3045
0.30753,4.3075,5.3075,-0.69247,-4.6925
-3.6894,0.31056,-3.6894,-2.6894,-2.6894
-8.6864,-3.6864,-2.6864,-4.6864,1.3136
-4.6834,-1.6834,-2.6834,-2.6834,-0.68341
-2.6804,0.3196,15.32,-4.6804,-6.6804
0.3226,-2.6774,-4.6774,-4.6774,3.3226
5.3256,-0.67441,-2.6744,-3.6744,-1.6744
-6.6714,7.3286,-4.6714,4.3286,1.3286
-3.6684,-3.6684,-3.6684,1.3316,-0.66844
-10.665,3.3345,-3.6655,-3.6655,-4.6655
-3.6625,-2.6625,-1.6625,-7.6625,-1.6625
-4.6595,-2.6595,2.3405,-3.6595,-2.6595
-2.6566,3.3434,-8.6566,-2.6566,-3.6566
-2.6536,7.3464,-3.6536,0.3464,-3.6536
2.3493,-4.6507,6.3493,-2.6507,-1.6507
-0.64771,-2.6477,-7.6477,-5.6477,-3.6477
0.35523,-5.6448,-3.6448,-1.6448,-4.6448
-2.6418,2.3582,0.35816,-5.6418,-3.6418
-1.6389,9.3611,-5.6389,-5.6389,-4.6389
-4.636,2.364,-3.636,-2.636,-2.636
-0.63306,1.3669,-1.6331,-0.63306,-0.63306
0.36985,-2.6301,-4.6301,-6.6301,-4.6301
3.3728,12.373,-2.6272,-2.6272,-4.6272
-2.6243,18.376,-3.6243,-2.6243,-1.6243
-3.6214,-2.6214,-6.6214,-0.62143,-8.6214
-0.61853,-3.6185,-1.6185,-4.6185,-3.6185
0.38436,-0.61564,-4.6156,-5.6156,1.3844
-4.6127,-3.6127,1.3873,-3.6127,-6.6127
-3.6099,-2.6099,-1.6099,0.39014,-5.6099
6.393,-4.607,-3.607,-2.607,1.393
-3.6041,-2.6041,-5.6041,3.3959,-1.6041
-0.60123,-4.6012,-5.6012,-3.6012,-3.6012
21.402,-0.59836,-1.5984,-5.5984,-5.5984
1.4045,3.4045,-1.5955,-4.5955,-3.5955
-6.5926,-2.5926,-0.59263,-3.5926,-2.5926
0.41023,-2.5898,-4.5898,-4.5898,1.4102
-4.5869,-2.5869,-6.5869,-1.5869,-5.5869
6.4159,6.4159,-6.5841,-1.5841,-5.5841
-3.5812,-4.5812,-4.5812,2.4188,-3.5812
-5.5784,-2.5784,-0.57837,3.4216,-2.5784
1.4245,0.42447,-4.5755,0.42447,-5.5755
-6.5727,-2.5727,-3.5727,7.4273,-2.5727
-5.5699,-1.5699,-1.5699,-1.5699,-4.5699
-4.567,-3.567,-3.567,9.433,-3.567
-2.5642,-3.5642,-5.5642,-1.5642,2.4358
-1.5614,2.4386,-3.5614,1.4386,-0.56139
-4.5586,1.4414,2.4414,-0.55858,4.4414
-3.5558,-2.5558,-4.5558,-4.5558,-3.5558
-1.553,-2.553,-7.553,-2.553,-1.553
-2.5502,-4.5502,-1.5502,-0.55019,-3.5502
0.45259,-4.5474,-5.5474,-4.5474,-3.5474
-5.5446,5.4554,-5.5446,-2.5446,0.45537
-4.5419,-4.5419,-3.5419,-2.5419,-4.5419
-5.5391,-3.5391,-3.5391,-0.5391,-3.5391
-4.5363,0.46366,-2.5363,-1.5363,6.4637
-5.5336,-5.5336,-5.5336,-5.5336,-2.5336
-3.5308,-3.5308,-3.5308,3.4692,-3.5308
-2.5281,-4.5281,-0.52811,-0.52811,-4.5281
11.475,-0.52537,-6.5254,-2.5254,2.4746
1.4774,-4.5226,-5.5226,-3.5226,-0.52265
2.4801,-4.5199,-0.51992,-7.5199,-2.5199
-2.5172,3.4828,-1.5172,-4.5172,-0.51721
18.485,-0.5145,1.4855,-2.5145,-0.5145
-2.5118,-5.5118,-2.5118,-4.5118,5.4882
0.4909,-3.5091,17.491,0.4909,-2.5091
-4.5064,1.4936,-3.5064,-5.5064,9.4936
0.49627,0.49627,-2.5037,2.4963,-4.5037
-3.5011,-5.5011,-4.5011,0.49895,-4.5011
-4.4984,-0.49838,-7.4984,-6.4984,1.5016
-7.4957,-2.4957,-1.4957,-7.4957,-4.4957
-3.4931,0.50694,-4.4931,3.5069,4.5069
0.5096,2.5096,-2.4904,5.5096,-3.4904
-3.4878,-6.4878,-5.4878,-0.48775,-6.4878
-3.4851,-4.4851,-4.4851,-4.4851,-5.4851
-5.4825,-1.4825,-4.4825,-1.4825,-1.4825
-1.4798,4.5202,-5.4798,-5.4798,-1.4798
7.5228,-2.4772,-6.4772,-6.4772,3.5228
10.525,0.52539,-1.4746,-4.4746,-4.4746
-6.472,-3.472,-4.472,-2.472,-4.472
-2.4694,-0.46939,-5.4694,3.5306,-4.4694
-2.4668,-2.4668,-1.4668,-4.4668,17.533
-0.46419,5.5358,-4.4642,10.536,-1.4642
-1.4616,-4.4616,2.5384,0.5384,-4.4616
-2.459,-2.459,-5.459,-4.459,-3.459
1.5436,-5.4564,-3.4564,-5.4564,-6.4564
-0.45387,2.5461,9.5461,-4.4539,-5.4539
-2.4513,-2.4513,3.5487,1.5487,-2.4513
-2.4487,7.5513,-6.4487,-5.4487,-3.4487
6.5538,-3.4462,-5.4462,-2.4462,-1.4462
-5.4436,-1.4436,-4.4436,-4.4436,-2.4436
-4.4411,7.5589,-0.4411,1.5589,-1.4411
-5.4386,-7.4386,-4.4386,-5.4386,4.5614
-0.43603,-2.436,-4.436,-2.436,-2.436
-1.4335,-0.4335,-3.4335,-3.4335,-3.4335
4.569,9.569,-3.431,-2.431,-5.431
-2.4285,-0.42847,-3.4285,-6.4285,-5.4285
-5.426,12.574,-4.426,-4.426,-4.426
-4.4235,-3.4235,-8.4235,-3.4235,8.5765
-3.421,-4.421,-5.421,-4.421,-7.421
-2.4185,6.5815,-5.4185,-4.4185,-3.4185
-2.416,-5.416,-4.416,-6.416,-2.416
-2.4135,-4.4135,1.5865,-4.4135,-3.4135
-1.411,1.589,-2.411,-4.411,-0.41102
7.5915,-5.4085,-4.4085,-4.4085,-2.4085
-3.4061,-4.4061,-3.4061,-8.4061,-0.40608
-4.4036,-6.4036,-7.4036,-5.4036,-3.4036
-1.4012,-1.4012,2.5988,1.5988,-4.4012
2.6013,3.6013,-3.3987,-2.3987,0.60129
-2.3963,-4.3963,-7.3963,-3.3963,-2.3963
-3.3938,-4.3938,-1.3938,-4.3938,-5.3938
-4.3914,-5.3914,-6.3914,-0.3914,-4.3914
-3.389,-4.389,3.611,-3.389,-2.389
-3.3865,-4.3865,-5.3865,-3.3865,6.6135
-2.3841,-3.3841,-2.3841,-0.38413,-0.38413
-5.3817,-1.3817,-5.3817,-3.3817,-2.3817
-0.37931,-6.3793,1.6207,-1.3793,-3.3793
-3.3769,-3.3769,-5.3769,-4.3769,-7.3769
-2.3745,-4.3745,-6.3745,-2.3745,-0.37451
-4.3721,-1.3721,-6.3721,-0.37212,0.62788
-3.3697,4.6303,-7.3697,-4.3697,-2.3697
3.6327,-5.3673,-5.3673,-1.3673,-2.3673
2.635,-2.365,-6.365,0.63503,-2.365
2.6374,-2.3626,-9.3626,-4.3626,-4.3626
-5.3602,-3.3602,-5.3602,-3.3602,2.6398
1.6421,-3.3579,-1.3579,-4.3579,1.6421
14.644,-4.3555,-4.3555,-3.3555,1.6445
-0.35316,5.6468,-5.3532,20.647,5.6468
-4.3508,0.64918,-7.3508,-3.3508,-4.3508
-2.3485,-4.3485,-3.3485,-6.3485,1.6515
10.654,-1.3461,-3.3461,-3.3461,-2.3461
8.6562,-2.3438,-4.3438,-3.3438,-4.3438
-0.34148,-4.3415,-5.3415,-2.3415,-3.3415
-2.3392,-2.3392,-4.3392,-4.3392,0.66084
-0.33684,-6.3368,-2.3368,-6.3368,11.663
-4.3345,3.6655,-1.3345,-2.3345,-0.33453
-2.3322,-4.3322,1.6678,-5.3322,-5.3322
-4.3299,-1.3299,-3.3299,-5.3299,-5.3299
0.67237,7.6724,-2.3276,-3.3276,-0.32763
-3.3253,-1.3253,-5.3253,0.67467,2.6747
0.67695,-5.323,2.677,0.67695,-0.32305
-0.32076,-1.3208,-5.3208,-6.3208,2.6792
-0.31849,5.6815,-4.3185,-0.31849,-4.3185
-2.3162,-7.3162,-1.3162,-4.3162,-7.3162
-3.3139,-4.3139,-2.3139,-2.3139,5.6861
17.688,-2.3117,12.688,-4.3117,3.6883
-3.3094,-0.30942,-5.3094,-6.3094,-5.3094
-6.3072,-4.3072,-4.3072,10.693,-2.3072
-4.3049,-5.3049,-3.3049,-2.3049,-4.3049
-4.3027,-3.3027,3.6973,-2.3027,-6.3027
-3.3004,-0.30043,-5.3004,1.6996,14.7
-4.2982,0.70181,5.7018,-0.29819,-4.2982
-2.296,-1.296,-4.296,-2.296,-0.29596
2.7063,-5.2937,-3.2937,-6.2937,1.7063
-3.2915,-5.2915,-3.2915,-5.2915,-3.2915
-1.2893,-2.2893,1.7107,-1.2893,5.7107
-2.2871,-4.2871,11.713,3.7129,-4.2871
-3.2849,-2.2849,-3.2849,-4.2849,-5.2849
-1.2827,1.7173,-5.2827,1.7173,-4.2827
-1.2805,-2.2805,8.7195,-4.2805,-4.2805
-2.2783,-2.2783,7.7217,-4.2783,2.7217
-5.2761,-1.2761,0.72392,-2.2761,-0.27608
-1.2739,0.7261,-4.2739,-4.2739,-5.2739
2.7283,2.7283,-7.2717,-2.2717,-5.2717
-4.2695,0.73046,-5.2695,-2.2695,-2.2695
-1.2674,-2.2674,-2.2674,-1.2674,-5.2674
-4.2652,-2.2652,-0.26519,-3.2652,-2.2652
5.737,-2.263,-5.263,-3.263,-5.263
-3.2609,-3.2609,-2.2609,-4.2609,-8.2609
3.7413,6.7413,-5.2587,-3.2587,-7.2587
1.7434,-2.2566,21.743,-2.2566,-1.2566
-2.2544,-1.2544,-6.2544,-2.2544,3.7456
-0.25227,-2.2523,-5.2523,-3.2523,-5.2523
-2.2501,-3.2501,-3.2501,2.7499,-4.2501
8.752,-4.248,5.752,-2.248,-2.248
-4.2459,3.7541,-3.2459,-4.2459,-3.2459
-3.2437,4.7563,-3.2437,-2.2437,-7.2437
-4.2416,3.7584,-6.2416,-5.2416,3.7584
-4.2395,-2.2395,-5.2395,-3.2395,-5.2395
1.7626,-1.2374,-5.2374,0.76262,-1.2374
-3.2353,0.76473,-5.2353,-0.23527,-7.2353
-2.2332,-3.2332,4.7668,-4.2332,-5.2332
-6.2311,-4.2311,-4.2311,-1.2311,-0.23106
-2.229,-6.229,-4.229,8.771,-3.229
-5.2269,1.7731,-2.2269,-2.2269,0.77313
-4.2248,-4.2248,-3.2248,-0.22478,-5.2248
-2.2227,4.7773,-5.2227,-4.2227,-0.22269
0.77939,-2.2206,5.7794,-0.22061,-4.2206
2.7815,-2.2185,-3.2185,-3.2185,-4.2185
-5.2165,-3.2165,-5.2165,-5.2165,1.7835
-6.2144,-2.2144,-6.2144,-2.2144,-2.2144
-4.2123,-3.2123,-4.2123,-0.21232,4.7877
3.7897,-2.2103,-8.2103,-2.2103,-4.2103
-4.2082,-2.2082,-7.2082,-3.2082,-6.2082
-3.2061,-2.2061,-1.2061,-1.2061,-3.2061
-3.2041,0.79591,-5.2041,-4.2041,-4.2041
3.798,-0.20204,1.798,1.798,0.79796
-4.2,-2.2,-3.2,5.8,-0.2
-4.198,-4.198,6.802,-3.198,-3.198
-6.1959,-1.1959,6.8041,-0.19592,2.8041
-2.1939,4.8061,-2.1939,-0.19389,1.8061
-3.1919,2.8081,8.8081,-1.1919,15.808
-0.18983,-4.1898,-2.1898,-5.1898,-2.1898
-4.1878,-2.1878,-4.1878,-5.1878,-1.1878
-3.1858,-2.1858,-2.1858,-2.1858,11.814
-3.1838,-5.1838,-4.1838,0.81622,1.8162
-0.18177,-3.1818,-2.1818,-6.1818,-0.18177
-1.1798,-1.1798,-7.1798,2.8202,-4.1798
0.82224,-0.17776,-0.17776,-4.1778,-2.1778
-2.1758,-3.1758,-5.1758,3.8242,-4.1758
-5.1738,-2.1738,-1.1738,-4.1738,-3.1738
-3.1718,-3.1718,-7.1718,3.8282,-3.1718
-0.16978,-0.16978,-3.1698,-4.1698,-0.16978
10.832,-1.1678,9.8322,-4.1678,-4.1678
-1.1658,-6.1658,-2.1658,-3.1658,3.8342
-4.1638,1.8362,-7.1638,-1.1638,-0.16383
-2.1619,-2.1619,-4.1619,-4.1619,0.83814
-2.1599,-1.1599,-0.15988,-7.1599,-5.1599
-3.1579,-4.1579,1.8421,-3.1579,-5.1579
-2.156,-3.156,-6.156,-5.156,-3.156
5.846,-5.154,-3.154,-7.154,-3.154
-4.152,-2.152,-6.152,-1.152,2.848
-3.1501,-4.1501,-4.1501,-4.1501,-5.1501
4.8519,-2.1481,-5.1481,-3.1481,7.8519
-4.1462,-2.1462,-5.1462,-6.1462,-4.1462
-3.1442,-5.1442,-7.1442,-4.1442,-4.1442
-0.14229,0.85771,-1.1423,-5.1423,-2.1423
-6.1403,-5.1403,0.85965,-4.1403,2.8597
-1.1384,-0.13841,-2.1384,6.8616,-4.1384
-4.1365,0.86352,0.86352,-0.13648,-2.1365
-0.13455,-0.13455,27.865,-6.1346,-7.1346
2.8674,-7.1326,-3.1326,-3.1326,-1.1326
-2.1307,-5.1307,-6.1307,-0.1307,0.8693
-3.1288,-2.1288,2.8712,-3.1288,-0.12878
-4.1269,-0.12687,-4.1269,7.8731,-4.1269
5.875,-1.125,-3.125,-7.125,-4.125
-1.123,2.877,-5.123,-5.123,-4.123
-1.1211,-4.1211,8.8789,-3.1211,1.8789
11.881,-1.1192,0.88077,-2.1192,-5.1192
-0.11733,5.8827,-2.1173,-5.1173,0.88267
-3.1154,-2.1154,4.8846,-4.1154,-2.1154
-1.1135,-4.1135,4.8865,5.8865,-5.1135
3.8884,-3.1116,9.8884,-3.1116,13.888
-0.10976,-1.1098,-3.1098,-0.10976,-5.1098
-4.1079,-1.1079,3.8921,16.892,-5.1079
0.89402,2.894,-4.106,10.894,4.894
-0.1041,-5.1041,-2.1041,-5.1041,3.8959
-5.1022,5.8978,0.89778,-0.10222,-5.1022
-5.1003,-3.1003,8.8997,2.8997,1.8997
-5.0985,-4.0985,-7.0985,-3.0985,-7.0985
-6.0966,-1.0966,-5.0966,-5.0966,14.903
-3.0947,-0.094723,2.9053,-5.0947,-1.0947
0.90715,3.9071,-7.0929,-4.0929,-0.092855
-3.091,13.909,-5.091,-4.091,-6.091
-3.0891,-5.0891,-4.0891,-5.0891,7.9109
3.9127,2.9127,-7.0873,2.9127,-4.0873
-3.0854,4.9146,-8.0854,-3.0854,-2.0854
-2.0835,-3.0835,-6.0835,-2.0835,-1.0835
-2.0817,-2.0817,-5.0817,-3.0817,-6.0817
-1.0798,-3.0798,-7.0798,-1.0798,-2.0798
-4.078,0.92201,-2.078,-4.078,-3.078
-2.0761,-5.0761,-6.0761,-4.0761,5.9239
1.9257,-6.0743,-4.0743,-4.0743,-4.0743
1.9275,6.9275,-1.0725,-4.0725,14.928
-1.0706,-4.0706,-5.0706,-6.0706,0.92939
-2.0688,3.9312,-5.0688,5.9312,4.9312
-6.0669,3.9331,0.93306,-7.0669,-4.0669
-1.0651,-2.0651,-3.0651,-8.0651,-4.0651
1.9367,-5.0633,-3.0633,-3.0633,1.9367
8.9385,-4.0615,-7.0615,-2.0615,23.939
-5.0596,12.94,-1.0596,-5.0596,-6.0596
-2.0578,-6.0578,-2.0578,-3.0578,-2.0578
3.944,-7.056,-4.056,5.944,23.944
1.9458,-3.0542,-5.0542,-3.0542,4.9458
-4.0524,-6.0524,-0.052351,2.9476,-3.0524
-4.0505,-3.0505,-8.0505,4.9495,1.9495
-5.0487,-1.0487,-6.0487,-3.0487,-1.0487
2.9531,-6.0469,-4.0469,15.953,-0.046921
11.955,-6.0451,-4.0451,1.9549,-4.0451
-1.0433,-1.0433,-6.0433,-4.0433,-4.0433
-2.0415,-5.0415,-5.0415,-3.0415,-3.0415
-0.039718,-3.0397,-7.0397,-1.0397,-0.039718
-1.0379,-6.0379,-4.0379,-6.0379,-5.0379
6.9639,-2.0361,4.9639,-3.0361,-3.0361
-2.0343,-5.0343,7.9657,-2.0343,-1.0343
7.9674,-2.0326,5.9674,26.967,-4.0326
-3.0308,-2.0308,-3.0308,-3.0308,-3.0308
-1.029,-1.029,1.971,-3.029,3.971
-5.0272,0.97279,-4.0272,0.97279,-4.0272
2.9746,-3.0254,-1.0254,4.9746,-4.0254
-1.0237,-1.0237,-5.0237,6.9763,-1.0237
-0.021894,-4.0219,-6.0219,-3.0219,1.9781
6.9799,-1.0201,-5.0201,-5.0201,-4.0201
2.9816,11.982,2.9816,2.9816,-4.0184
-4.0166,0.9834,-1.0166,-6.0166,6.9834
-0.014839,-4.0148,-2.0148,5.9852,4.9852
-2.0131,-5.0131,9.9869,8.9869,-0.013083
-4.0113,-3.0113,16.989,-1.0113,-1.0113
-3.0096,-3.0096,-4.0096,-3.0096,-5.0096
2.9922,-0.0078294,7.9922,-6.0078,-5.0078
-2.0061,-3.0061,3.9939,-1.0061,-2.0061
-6.0043,17.996,9.9957,1.9957,-2.0043
-4.0026,-4.0026,-2.0026,-4.0026,-0.0026011
-5.0009,-0.00086399,-5.0009,-4.0009,-5.0009
-4.9991,-4.9991,-1.9991,5.0009,1.0009
-2.9974,2.0026,-2.9974,-1.9974,-0.9974
-3.9957,3.0043,-3.9957,-3.9957,-4.9957
-4.9939,-2.9939,-3.9939,-4.9939,0.0060562
9.0078,0.0077791,-2.9922,-1.9922,7.0078
-2.9905,-1.9905,-6.9905,-0.9905,-2.9905
3.0112,-3.9888,-6.9888,-1.9888,-1.9888
4.0129,-0.98707,-4.9871,1.0129,-3.9871
-2.9854,27.015,-6.9854,7.0146,-3.9854
-3.9836,-5.9836,-3.9836,-3.9836,1.0164
-4.9819,-1.9819,1.0181,3.0181,1.0181
-0.98024,-1.9802,-1.9802,-3.9802,-2.9802
-1.9785,1.0215,8.0215,-4.9785,-5.9785
-2.9768,6.0232,-1.9768,0.023155,0.023155
4.0248,-2.9752,-4.9752,-0.97515,-3.9752
-1.9735,-2.9735,-5.9735,-3.9735,14.027
-3.9718,1.0282,0.028227,-3.9718,-1.9718
-1.9701,-4.9701,-1.9701,-3.9701,6.0299
-7.9684,0.031593,-2.9684,-2.9684,3.0316
-6.9667,-2.9667,1.0333,-2.9667,-2.9667
-6.9651,15.035,-5.9651,-6.9651,-2.9651
0.036621,2.0366,-5.9634,-3.9634,-0.96338
4.0383,-1.9617,8.0383,0.03829,-2.9617
0.039957,-2.96,16.04,-3.96,-5.96
-2.9584,-3.9584,-3.9584,-1.9584,3.0416
-2.9567,-3.9567,-3.9567,-3.9567,-1.9567
1.0449,-3.9551,3.0449,-1.9551,-0.95506
-3.9534,4.0466,-4.9534,7.0466,5.0466
0.048244,-2.9518,-2.9518,-2.9518,-2.9518
0.049892,-0.95011,-5.9501,-0.95011,-2.9501
-2.9485,12.052,-3.9485,-5.9485,-2.9485
-0.94682,1.0532,-2.9468,-0.94682,-6.9468
-4.9452,-1.9452,-5.9452,-3.9452,-3.9452
-6.9435,8.0565,-4.9435,-4.9435,0.056454
-2.9419,2.0581,-0.94191,-2.9419,-1.9419
0.059716,1.0597,-0.94028,-2.9403,-0.94028
17.061,-1.9387,-3.9387,-1.9387,-4.9387
-4.937,-0.93704,-4.937,-2.937,-4.937
-1.9354,-2.9354,-5.9354,8.0646,1.0646
-2.9338,0.066201,-0.9338,0.066201,-2.9338
4.0678,-4.9322,-1.9322,-4.9322,-4.9322
-3.9306,-2.9306,8.0694,-3.9306,-6.9306
-2.929,8.071,-2.929,2.071,-2.929
10.073,-3.9274,-2.9274,-0.92736,-3.9274
12.074,-0.92576,-2.9258,0.074236,-1.9258
1.0758,0.075833,-2.9242,0.075833,-1.9242
9.0774,11.077,-2.9226,6.0774,-1.9226
5.079,3.079,14.079,9.079,-2.921
-1.9194,-2.9194,-5.9194,6.0806,8.0806
0.082189,7.0822,-3.9178,-2.9178,2.0822
8.0838,-3.9162,18.084,-3.9162,16.084
1.0853,0.085348,7.0853,-4.9147,3.0853
0.086922,6.0869,-0.91308,-3.9131,0.086922
-4.9115,-3.9115,-3.9115,-3.9115,-1.9115
-0.90994,4.0901,3.0901,-1.9099,5.0901
7.0916,-0.90838,-4.9084,-1.9084,4.0916
-1.9068,-0.90681,3.0932,4.0932,6.0932
-2.9053,4.0947,12.095,0.094743,0.094743
-3.9037,-2.9037,4.0963,-0.9037,20.096
-0.90215,1.0978,-2.9022,10.098,1.0978
8.0994,1.0994,9.0994,-4.9006,4.0994
-2.8991,-1.8991,-3.8991,-2.8991,2.1009
3.1025,-3.8975,-4.8975,-4.8975,-3.8975
14.104,-0.89598,7.104,3.104,0.10402
-0.89445,-3.8945,-0.89445,9.1055,-2.8945
8.1071,0.10708,18.107,-0.89292,-3.8929
-2.8914,-2.8914,4.1086,-6.8914,-0.89139
-3.8899,-2.8899,-5.8899,-1.8899,-1.8899
0.11165,-4.8884,-5.8884,-6.8884,-2.8884
0.11317,-2.8868,1.1132,-0.88683,8.1132
-1.8853,0.11468,-4.8853,9.1147,-3.8853
-4.8838,0.11619,3.1162,-4.8838,8.1162
7.1177,-1.8823,30.118,-2.8823,5.1177
1.1192,-1.8808,3.1192,-3.8808,9.1192
9.1207,2.1207,-0.87931,-6.8793,-2.8793
8.1222,-0.87781,0.12219,-1.8778,2.1222
0.12368,0.12368,-6.8763,-3.8763,-2.8763
-2.8748,3.1252,3.1252,-3.8748,-5.8748
3.1267,-2.8733,-7.8733,-5.8733,-1.8733
4.1281,-0.87187,-3.8719,-1.8719,-0.87187
-2.8704,11.13,-2.8704,5.1296,-3.8704
15.131,-0.86891,-4.8689,2.1311,-4.8689
-3.8674,-0.86744,-2.8674,0.13256,-1.8674
3.134,-3.866,-4.866,-5.866,-2.866
5.1355,-1.8645,0.13548,-4.8645,1.1355
2.1369,2.1369,2.1369,0.13694,6.1369
-0.8616,-4.8616,4.1384,-2.8616,-3.8616
-3.8601,1.1399,11.14,2.1399,-3.8601
-4.8587,-1.8587,6.1413,5.1413,8.1413
0.14274,3.1427,3.1427,-3.8573,3.1427
-1.8558,-2.8558,-4.8558,-4.8558,-6.8558
6.1456,-2.8544,-2.8544,-1.8544,-0.85438
6.1471,-3.8529,-3.8529,-2.8529,4.1471
-4.8515,-0.85151,6.1485,-5.8515,-2.8515
0.14991,-1.8501,4.1499,2.1499,2.1499
5.1513,-3.8487,-3.8487,-1.8487,1.1513
0.15275,4.1528,-3.8472,-2.8472,2.1528
3.1542,0.15417,1.1542,-2.8458,-2.8458
-4.8444,-2.8444,-4.8444,16.156,-4.8444
-3.843,-3.843,-2.843,7.157,3.157
-2.8416,5.1584,1.1584,-2.8416,-4.8416
2.1598,7.1598,-0.84021,0.15979,-2.8402
-2.8388,-5.8388,-2.8388,-5.8388,-2.8388
-1.8374,6.1626,-3.8374,-5.8374,5.1626
4.164,16.164,-4.836,-3.836,2.164
-2.8346,1.1654,4.1654,-5.8346,-4.8346
-4.8333,1.1667,2.1667,-5.8333,8.1667
-2.8319,-3.8319,11.168,2.1681,-4.8319
-0.83052,3.1695,7.1695,3.1695,-2.8305
10.171,2.1709,-3.8291,-0.82915,2.1709
1.1722,10.172,0.17222,-3.8278,-3.8278
-2.8264,-3.8264,-2.8264,-3.8264,-2.8264
-3.8251,13.175,2.1749,-3.8251,-3.8251
-0.82371,10.176,-4.8237,3.1763,8.1763
5.1776,-2.8224,3.1776,-0.82236,-3.8224
-4.821,-1.821,2.179,7.179,-3.821
2.1803,-1.8197,-1.8197,1.1803,-3.8197
29.182,-3.8183,1.1817,2.1817,-3.8183
-2.817,4.183,11.183,0.183,0.183
2.1843,-3.8157,10.184,7.1843,0.18433
-1.8143,9.1857,-0.81435,10.186,1.1857
4.187,-1.813,-1.813,0.18698,1.187
1.1883,-4.8117,-2.8117,0.1883,7.1883
8.1896,-2.8104,1.1896,-2.8104,11.19
-2.8091,-3.8091,-4.8091,-3.8091,0.19092
-3.8078,-3.8078,-4.8078,5.1922,10.192
8.1935,10.194,7.1935,3.1935,4.1935
-0.80517,-2.8052,1.1948,22.195,-2.8052
0.19612,12.196,-0.80388,3.1961,4.1961
-3.8026,-2.8026,-0.80259,0.19741,4.1974
4.1987,-3.8013,3.1987,5.1987,1.1987
5.2,2.2,-1.8,-5.8,10.2
0.20126,-3.7987,-1.7987,16.201,-3.7987
-5.7975,4.2025,0.20253,1.2025,-1.7975
3.2038,13.204,-5.7962,-2.7962,3.2038
0.20506,-2.7949,15.205,7.2051,2.2051
15.206,-0.79367,2.2063,-2.7937,8.2063
17.208,-1.7924,0.20758,-3.7924,4.2076
-0.79116,8.2088,0.20884,2.2088,20.209
26.21,-3.7899,1.2101,11.21,0.21008
-4.7887,-2.7887,4.2113,2.2113,-3.7887
-1.7874,6.2126,-2.7874,15.213,-0.78743
-2.7862,-4.7862,-4.7862,10.214,0.21381
14.215,-1.785,-1.785,-3.785,1.215
0.21627,9.2163,1.2163,3.2163,-1.7837
7.2175,12.217,11.217,-1.7825,1.2175
-0.78129,13.219,0.21871,-2.7813,-3.7813
4.2199,-2.7801,20.22,13.22,4.2199
8.2211,-3.7789,-1.7789,8.2211,6.2211
3.2223,8.2223,0.22234,-1.7777,8.2223
-3.7765,8.2235,1.2235,3.2235,5.2235
6.2247,3.2247,19.225,-3.7753,-0.77526
7.2259,12.226,26.226,28.226,8.2259
8.2271,2.2271,-3.7729,12.227,27.227
5.2283,7.2283,6.2283,13.228,2.2283
1.2295,6.2295,4.2295,6.2295,11.229
2.2307,13.231,18.231,1.2307,-2.7693
0.23185,4.2318,4.2318,11.232,8.2318
-5.767,3.233,5.233,14.233,23.233
-3.7658,8.2342,11.234,-4.7658,2.2342
-2.7647,7.2353,6.2353,-0.76466,19.235
-1.7635,10.236,6.2365,5.2365,26.236
-2.7624,-1.7624,26.238,-1.7624,21.238
7.2388,6.2388,0.23879,6.2388,14.239
-0.76007,5.2399,1.2399,10.24,15.24
19.241,3.2411,-3.7589,7.2411,-0.75893
15.242,11.242,-3.7578,-0.7578,1.2422
5.2433,8.2433,-2.7567,-3.7567,7.2433
0.24446,3.2445,-2.7555,5.2445,-2.7555
-1.7544,17.246,2.2456,16.246,-0.75442
0.24669,12.247,-4.7533,3.2467,6.2467
-8.7522,4.2478,-4.7522,3.2478,6.2478
3.2489,3.2489,6.2489,4.2489,9.2489
3.25,7.25,0.25001,9.25,10.25
1.2511,-2.7489,-0.74889,2.2511,0.25111
13.252,4.2522,-5.7478,-3.7478,0.2522
-4.7467,3.2533,-2.7467,6.2533,-4.7467
-4.7456,-2.7456,20.254,4.2544,-5.7456
-6.7445,-1.7445,10.255,-3.7445,-0.74454
3.2565,3.2565,-1.7435,5.2565,0.25653
-1.7424,-2.7424,-3.7424,-0.7424,-2.7424
-1.7413,-2.7413,11.259,-5.7413,5.2587
8.2597,-0.74027,28.26,11.26,-2.7403
6.2608,10.261,10.261,-0.73921,5.2608
4.2618,2.2618,8.2618,8.2618,-0.73816
3.2629,5.2629,-3.7371,-2.7371,0.26289
17.264,6.2639,-3.7361,-5.7361,5.2639
5.265,16.265,-4.735,8.265,3.265
-3.734,11.266,5.266,-0.73399,-3.734
12.267,-3.733,0.26703,0.26703,9.267
5.2681,-2.7319,-4.7319,0.26806,7.2681
4.2691,-0.73092,6.2691,-4.7309,-0.73092
7.2701,1.2701,4.2701,-2.7299,-4.7299
0.27111,5.2711,1.2711,7.2711,-3.7289
8.2721,-3.7279,-4.7279,-4.7279,4.2721
-1.7269,-0.72689,-3.7269,6.2731,-1.7269
6.2741,20.274,-3.7259,-3.7259,-5.7259
-1.7249,2.2751,0.2751,-2.7249,17.275
3.2761,-1.7239,8.2761,6.2761,1.2761
8.2771,1.2771,15.277,-1.7229,-0.72293
1.2781,0.27805,-2.7219,-2.7219,3.2781
-2.721,4.279,7.279,13.279,-0.72097
-0.72001,-2.72,4.28,0.27999,10.28
11.281,0.28096,-3.719,-1.719,-0.71904
8.2819,16.282,2.2819,0.28192,9.2819
1.2829,4.2829,2.2829,19.283,-2.7171
19.284,13.284,6.2838,8.2838,8.2838
7.2848,8.2848,-0.71523,10.285,11.285
7.2857,6.2857,10.286,8.2857,9.2857
-3.7134,-0.71336,-3.7134,-2.7134,-1.7134
10.288,9.2876,-1.7124,6.2876,2.2876
-5.7115,13.288,-3.7115,29.288,-2.7115
6.2894,-3.7106,2.2894,-0.71058,-3.7106
-1.7097,9.2903,-0.70967,6.2903,-2.7097
3.2912,3.2912,-3.7088,3.2912,5.2912
2.2922,-0.70785,4.2922,4.2922,-0.70785
6.2931,2.2931,4.2931,-0.70695,2.2931
-2.7061,3.2939,3.2939,-1.7061,1.2939
0.29484,-1.7052,2.2948,3.2948,-1.7052
1.2957,8.2957,-4.7043,2.2957,5.2957
1.2966,8.2966,-1.7034,12.297,12.297
-0.70252,-1.7025,-4.7025,-1.7025,12.297
12.298,8.2984,10.298,-2.7016,21.298
6.2992,-0.70078,4.2992,-0.70078,-0.70078
-2.6999,13.3,-1.6999,20.3,-1.6999
0.30094,1.3009,-5.6991,-0.69906,-4.6991
0.30179,0.30179,4.3018,0.30179,-2.6982
-1.6974,12.303,-2.6974,-3.6974,11.303
-2.6965,5.3035,12.303,-0.69652,-1.6965
-3.6957,9.3043,4.3043,2.3043,5.3043
8.3052,1.3052,8.3052,4.3052,-3.6948
-3.694,9.306,-2.694,13.306,8.306
8.3068,-2.6932,2.3068,-3.6932,-0.6932
-3.6924,4.3076,2.3076,3.3076,-1.6924
9.3084,-0.69157,13.308,10.308,-0.69157
0.30924,-0.69076,-6.6908,-1.6908,11.309
11.31,4.31,-1.69,11.31,5.31
-1.6892,3.3108,-1.6892,-3.6892,2.3108
